/*
 Navicat Premium Data Transfer

 Source Server         : 127.0.0.1
 Source Server Type    : MySQL
 Source Server Version : 50717
 Source Host           : 127.0.0.1
 Source Database       : cloud

 Target Server Type    : MySQL
 Target Server Version : 50717
 File Encoding         : utf-8

 Date: 12/20/2019 21:45:17 PM
*/

SET NAMES utf8;
SET FOREIGN_KEY_CHECKS = 0;

-- ----------------------------
--  Table structure for `oauth_access_token`
-- ----------------------------
DROP TABLE IF EXISTS `oauth_access_token`;
CREATE TABLE `oauth_access_token` (
  `token_id` varchar(256) DEFAULT NULL COMMENT 'MD5加密的access_token的值',
  `token` blob COMMENT 'OAuth2AccessToken.java对象序列化后的二进制数据',
  `authentication_id` varchar(256) DEFAULT NULL COMMENT 'MD5加密过的username,client_id,scope',
  `user_name` varchar(256) DEFAULT NULL COMMENT '登录的用户名',
  `client_id` varchar(256) DEFAULT NULL COMMENT '客户端ID',
  `authentication` blob COMMENT 'OAuth2Authentication.java对象序列化后的二进制数据',
  `refresh_token` varchar(256) DEFAULT NULL COMMENT 'MD5加密果的refresh_token的值'
) ENGINE=InnoDB DEFAULT CHARSET=utf8 COMMENT='访问令牌表';

-- ----------------------------
--  Records of `oauth_access_token`
-- ----------------------------
BEGIN;
INSERT INTO `oauth_access_token` VALUES ('bccca6c725848fd2f4c0847d854a3d54', 0xaced0005737200436f72672e737072696e676672616d65776f726b2e73656375726974792e6f61757468322e636f6d6d6f6e2e44656661756c744f4175746832416363657373546f6b656e0cb29e361b24face0200064c00156164646974696f6e616c496e666f726d6174696f6e74000f4c6a6176612f7574696c2f4d61703b4c000a65787069726174696f6e7400104c6a6176612f7574696c2f446174653b4c000c72656672657368546f6b656e74003f4c6f72672f737072696e676672616d65776f726b2f73656375726974792f6f61757468322f636f6d6d6f6e2f4f417574683252656672657368546f6b656e3b4c000573636f706574000f4c6a6176612f7574696c2f5365743b4c0009746f6b656e547970657400124c6a6176612f6c616e672f537472696e673b4c000576616c756571007e00057870737200176a6176612e7574696c2e4c696e6b6564486173684d617034c04e5c106cc0fb0200015a000b6163636573734f72646572787200116a6176612e7574696c2e486173684d61700507dac1c31660d103000246000a6c6f6164466163746f724900097468726573686f6c6478703f4000000000000c77080000001000000001740007757365725f69647372000e6a6176612e6c616e672e4c6f6e673b8be490cc8f23df0200014a000576616c7565787200106a6176612e6c616e672e4e756d62657286ac951d0b94e08b02000078700000000000000065780070737200446f72672e737072696e676672616d65776f726b2e73656375726974792e6f61757468322e636f6d6d6f6e2e44656661756c744f417574683252656672657368546f6b656e73e10e0a6354d45e0200014c000576616c756571007e0005787074002439366464376161632d333361392d346365662d383266352d363231653835623761343864737200256a6176612e7574696c2e436f6c6c656374696f6e7324556e6d6f6469666961626c65536574801d92d18f9b80550200007872002c6a6176612e7574696c2e436f6c6c656374696f6e7324556e6d6f6469666961626c65436f6c6c656374696f6e19420080cb5ef71e0200014c0001637400164c6a6176612f7574696c2f436f6c6c656374696f6e3b7870737200176a6176612e7574696c2e4c696e6b656448617368536574d86cd75a95dd2a1e020000787200116a6176612e7574696c2e48617368536574ba44859596b8b7340300007870770c000000043f400000000000027400047265616474000577726974657874000662656172657274002434343730623762382d303435362d343664612d613939362d323335663937316439336365, 'e2cdd3ec00b557316493aa695ad63e40', '超级管理员', 'test_client', 0xaced0005737200416f72672e737072696e676672616d65776f726b2e73656375726974792e6f61757468322e70726f76696465722e4f417574683241757468656e7469636174696f6ebd400b02166252130200024c000d73746f7265645265717565737474003c4c6f72672f737072696e676672616d65776f726b2f73656375726974792f6f61757468322f70726f76696465722f4f4175746832526571756573743b4c00127573657241757468656e7469636174696f6e7400324c6f72672f737072696e676672616d65776f726b2f73656375726974792f636f72652f41757468656e7469636174696f6e3b787200476f72672e737072696e676672616d65776f726b2e73656375726974792e61757468656e7469636174696f6e2e416273747261637441757468656e7469636174696f6e546f6b656ed3aa287e6e47640e0200035a000d61757468656e746963617465644c000b617574686f7269746965737400164c6a6176612f7574696c2f436f6c6c656374696f6e3b4c000764657461696c737400124c6a6176612f6c616e672f4f626a6563743b787000737200266a6176612e7574696c2e436f6c6c656374696f6e7324556e6d6f6469666961626c654c697374fc0f2531b5ec8e100200014c00046c6973747400104c6a6176612f7574696c2f4c6973743b7872002c6a6176612e7574696c2e436f6c6c656374696f6e7324556e6d6f6469666961626c65436f6c6c656374696f6e19420080cb5ef71e0200014c00016371007e00047870737200136a6176612e7574696c2e41727261794c6973747881d21d99c7619d03000149000473697a65787000000001770400000001737200426f72672e737072696e676672616d65776f726b2e73656375726974792e636f72652e617574686f726974792e53696d706c654772616e746564417574686f7269747900000000000001fe0200014c0004726f6c657400124c6a6176612f6c616e672f537472696e673b787074000a524f4c455f41444d494e7871007e000c707372003a6f72672e737072696e676672616d65776f726b2e73656375726974792e6f61757468322e70726f76696465722e4f41757468325265717565737400000000000000010200075a0008617070726f7665644c000b617574686f72697469657371007e00044c000a657874656e73696f6e7374000f4c6a6176612f7574696c2f4d61703b4c000b726564697265637455726971007e000e4c00077265667265736874003b4c6f72672f737072696e676672616d65776f726b2f73656375726974792f6f61757468322f70726f76696465722f546f6b656e526571756573743b4c000b7265736f7572636549647374000f4c6a6176612f7574696c2f5365743b4c000d726573706f6e7365547970657371007e0014787200386f72672e737072696e676672616d65776f726b2e73656375726974792e6f61757468322e70726f76696465722e426173655265717565737436287a3ea37169bd0200034c0008636c69656e74496471007e000e4c001172657175657374506172616d657465727371007e00124c000573636f706571007e0014787074000b746573745f636c69656e74737200256a6176612e7574696c2e436f6c6c656374696f6e7324556e6d6f6469666961626c654d6170f1a5a8fe74f507420200014c00016d71007e00127870737200116a6176612e7574696c2e486173684d61700507dac1c31660d103000246000a6c6f6164466163746f724900097468726573686f6c6478703f400000000000017708000000020000000174000a6772616e745f7479706574000870617373776f726478737200256a6176612e7574696c2e436f6c6c656374696f6e7324556e6d6f6469666961626c65536574801d92d18f9b80550200007871007e0009737200176a6176612e7574696c2e4c696e6b656448617368536574d86cd75a95dd2a1e020000787200116a6176612e7574696c2e48617368536574ba44859596b8b7340300007870770c000000103f4000000000000274000472656164740005777269746578017371007e0021770c000000103f40000000000000787371007e001a3f40000000000000770800000010000000007870707371007e0021770c000000103f40000000000000787371007e0021770c000000103f400000000000007873720050636f6d2e736b79636c6f75642e626173652e61757468656e7469636174696f6e2e6170692e6d6f64656c2e746f6b656e2e5573657250617373776f726441757468656e7469636174696f6e546f6b656e34ae03dc29b1a4600200007872004a636f6d2e736b79636c6f75642e626173652e61757468656e7469636174696f6e2e6170692e6d6f64656c2e746f6b656e2e437573746f6d41757468656e7469636174696f6e546f6b656e7fbeab361c0f60cc0200034c0004646174617400214c636f6d2f616c69626162612f666173746a736f6e2f4a534f4e4f626a6563743b4c00116f4175746832416363657373546f6b656e74003e4c6f72672f737072696e676672616d65776f726b2f73656375726974792f6f61757468322f636f6d6d6f6e2f4f4175746832416363657373546f6b656e3b4c00097072696e636970616c71007e00057871007e0003017371007e00077371007e000b0000000177040000000171007e000f7871007e002f7372003e636f6d2e736b79636c6f75642e626173652e61757468656e7469636174696f6e2e6170692e6d6f64656c2e626f2e437573746f6d5573657244657461696cb0896fa4724229580200044c000b617574686f72697469657371007e00044c000870617373776f726471007e000e4c00067573657249647400104c6a6176612f6c616e672f4c6f6e673b4c0008757365724e616d6571007e000e78707371007e000b0000000177040000000171007e000f787400007372000e6a6176612e6c616e672e4c6f6e673b8be490cc8f23df0200014a000576616c7565787200106a6176612e6c616e672e4e756d62657286ac951d0b94e08b0200007870000000000000006574000fe8b685e7baa7e7aea1e79086e591987372001f636f6d2e616c69626162612e666173746a736f6e2e4a534f4e4f626a65637400000000000000010200014c00036d617071007e001278707371007e001a3f4000000000000c7708000000100000000174000875736572496e666f73720039636f6d2e736b79636c6f75642e626173652e61757468656e7469636174696f6e2e6170692e6d6f64656c2e766f2e557365724c6f67696e566f0451e310565a31fa0200054c0002696471007e00314c00066d6f62696c6571007e000e4c00046e616d6571007e000e4c0005726f6c657371007e00084c0008757365726e616d6571007e000e787071007e003771007e003471007e00387371007e000b0000000177040000000173720034636f6d2e736b79636c6f75642e626173652e61757468656e7469636174696f6e2e6170692e6d6f64656c2e766f2e526f6c65566fef64f189f9e30c450200034c0004636f646571007e000e4c0002696471007e00314c00046e616d6571007e000e787074000541444d494e71007e003774000fe8b685e7baa7e7aea1e79086e591987874000561646d696e787071007e0038, '5f0dfe057a32319fbdea7374f9c8bd9a');
COMMIT;

-- ----------------------------
--  Table structure for `oauth_approvals`
-- ----------------------------
DROP TABLE IF EXISTS `oauth_approvals`;
CREATE TABLE `oauth_approvals` (
  `userid` varchar(256) DEFAULT NULL COMMENT '登录的用户名',
  `clientid` varchar(256) DEFAULT NULL COMMENT '客户端ID',
  `scope` varchar(256) DEFAULT NULL COMMENT '申请的权限',
  `status` varchar(10) DEFAULT NULL COMMENT '状态（Approve或Deny）',
  `expiresat` datetime DEFAULT NULL COMMENT '过期时间',
  `lastmodifiedat` datetime DEFAULT NULL COMMENT '最终修改时间'
) ENGINE=InnoDB DEFAULT CHARSET=utf8 COMMENT='授权记录表';

-- ----------------------------
--  Records of `oauth_approvals`
-- ----------------------------
BEGIN;
INSERT INTO `oauth_approvals` VALUES ('admin', 'test_client', 'read', 'APPROVED', '2019-11-04 12:01:10', '2019-10-04 12:01:10');
COMMIT;

-- ----------------------------
--  Table structure for `oauth_client_details`
-- ----------------------------
DROP TABLE IF EXISTS `oauth_client_details`;
CREATE TABLE `oauth_client_details` (
  `client_id` varchar(256) NOT NULL COMMENT '客户端ID',
  `resource_ids` varchar(256) DEFAULT NULL COMMENT '资源ID集合,多个资源时用逗号(,)分隔',
  `client_secret` varchar(256) DEFAULT NULL COMMENT '客户端密匙',
  `scope` varchar(256) DEFAULT NULL COMMENT '客户端申请的权限范围',
  `authorized_grant_types` varchar(256) DEFAULT NULL COMMENT '客户端支持的grant_type',
  `web_server_redirect_uri` varchar(256) DEFAULT NULL COMMENT '重定向URI',
  `authorities` varchar(256) DEFAULT NULL COMMENT '客户端所拥有的Spring Security的权限值，多个用逗号(,)分隔',
  `access_token_validity` int(11) DEFAULT NULL COMMENT '访问令牌有效时间值(单位:秒)',
  `refresh_token_validity` int(11) DEFAULT NULL COMMENT '更新令牌有效时间值(单位:秒)',
  `additional_information` varchar(4096) DEFAULT NULL COMMENT '预留字段',
  `autoapprove` varchar(256) DEFAULT NULL COMMENT '用户是否自动Approval操作'
) ENGINE=InnoDB DEFAULT CHARSET=utf8 COMMENT='客户端信息';

-- ----------------------------
--  Records of `oauth_client_details`
-- ----------------------------
BEGIN;
INSERT INTO `oauth_client_details` VALUES ('test_client', null, '$2a$10$2szDKjvKHJCWE6YQNznogOeQF3USZHmCYj1fG7YbfK.vnTgNKLzri', 'read,write', 'client_credentials,authorization_code,password,refresh_token', 'http://www.baidu.com', null, '-1', '-1', null, null);
COMMIT;

-- ----------------------------
--  Table structure for `oauth_client_token`
-- ----------------------------
DROP TABLE IF EXISTS `oauth_client_token`;
CREATE TABLE `oauth_client_token` (
  `token_id` varchar(256) DEFAULT NULL COMMENT 'MD5加密的access_token值',
  `token` blob COMMENT 'OAuth2AccessToken.java对象序列化后的二进制数据',
  `authentication_id` varchar(256) DEFAULT NULL COMMENT 'MD5加密过的username,client_id,scope',
  `user_name` varchar(256) DEFAULT NULL COMMENT '登录的用户名',
  `client_id` varchar(256) DEFAULT NULL COMMENT '客户端ID'
) ENGINE=InnoDB DEFAULT CHARSET=utf8 COMMENT='客户端授权令牌表';

-- ----------------------------
--  Table structure for `oauth_code`
-- ----------------------------
DROP TABLE IF EXISTS `oauth_code`;
CREATE TABLE `oauth_code` (
  `code` varchar(256) DEFAULT NULL COMMENT '授权码(未加密)',
  `authentication` blob COMMENT 'AuthorizationRequestHolder.java对象序列化后的二进制数据'
) ENGINE=InnoDB DEFAULT CHARSET=utf8 COMMENT='授权码表';

-- ----------------------------
--  Records of `oauth_code`
-- ----------------------------
BEGIN;
INSERT INTO `oauth_code` VALUES ('yGu9Vx', 0xaced0005737200416f72672e737072696e676672616d65776f726b2e73656375726974792e6f61757468322e70726f76696465722e4f417574683241757468656e7469636174696f6ebd400b02166252130200024c000d73746f7265645265717565737474003c4c6f72672f737072696e676672616d65776f726b2f73656375726974792f6f61757468322f70726f76696465722f4f4175746832526571756573743b4c00127573657241757468656e7469636174696f6e7400324c6f72672f737072696e676672616d65776f726b2f73656375726974792f636f72652f41757468656e7469636174696f6e3b787200476f72672e737072696e676672616d65776f726b2e73656375726974792e61757468656e7469636174696f6e2e416273747261637441757468656e7469636174696f6e546f6b656ed3aa287e6e47640e0200035a000d61757468656e746963617465644c000b617574686f7269746965737400164c6a6176612f7574696c2f436f6c6c656374696f6e3b4c000764657461696c737400124c6a6176612f6c616e672f4f626a6563743b787000737200266a6176612e7574696c2e436f6c6c656374696f6e7324556e6d6f6469666961626c654c697374fc0f2531b5ec8e100200014c00046c6973747400104c6a6176612f7574696c2f4c6973743b7872002c6a6176612e7574696c2e436f6c6c656374696f6e7324556e6d6f6469666961626c65436f6c6c656374696f6e19420080cb5ef71e0200014c00016371007e00047870737200136a6176612e7574696c2e41727261794c6973747881d21d99c7619d03000149000473697a657870000000007704000000007871007e000c707372003a6f72672e737072696e676672616d65776f726b2e73656375726974792e6f61757468322e70726f76696465722e4f41757468325265717565737400000000000000010200075a0008617070726f7665644c000b617574686f72697469657371007e00044c000a657874656e73696f6e7374000f4c6a6176612f7574696c2f4d61703b4c000b72656469726563745572697400124c6a6176612f6c616e672f537472696e673b4c00077265667265736874003b4c6f72672f737072696e676672616d65776f726b2f73656375726974792f6f61757468322f70726f76696465722f546f6b656e526571756573743b4c000b7265736f7572636549647374000f4c6a6176612f7574696c2f5365743b4c000d726573706f6e7365547970657371007e0011787200386f72672e737072696e676672616d65776f726b2e73656375726974792e6f61757468322e70726f76696465722e426173655265717565737436287a3ea37169bd0200034c0008636c69656e74496471007e000f4c001172657175657374506172616d657465727371007e000e4c000573636f706571007e0011787074000b746573745f636c69656e74737200256a6176612e7574696c2e436f6c6c656374696f6e7324556e6d6f6469666961626c654d6170f1a5a8fe74f507420200014c00016d71007e000e7870737200116a6176612e7574696c2e486173684d61700507dac1c31660d103000246000a6c6f6164466163746f724900097468726573686f6c6478703f400000000000067708000000080000000574000d726573706f6e73655f74797065740004636f646574000c72656469726563745f757269740010687474703a2f2f62616964752e636f6d740005737461746574000474657374740009636c69656e745f696471007e001474000573636f70657400047265616478737200256a6176612e7574696c2e436f6c6c656374696f6e7324556e6d6f6469666961626c65536574801d92d18f9b80550200007871007e0009737200176a6176612e7574696c2e4c696e6b656448617368536574d86cd75a95dd2a1e020000787200116a6176612e7574696c2e48617368536574ba44859596b8b7340300007870770c000000103f4000000000000171007e002178017371007e0025770c000000103f40000000000000787371007e00173f400000000000007708000000100000000078740010687474703a2f2f62616964752e636f6d707371007e0025770c000000103f40000000000000787371007e0025770c000000103f4000000000000171007e001a787372004f6f72672e737072696e676672616d65776f726b2e73656375726974792e61757468656e7469636174696f6e2e557365726e616d6550617373776f726441757468656e7469636174696f6e546f6b656e00000000000001fe0200024c000b63726564656e7469616c7371007e00054c00097072696e636970616c71007e00057871007e0003017371007e00077371007e000b000000007704000000007871007e002f737200486f72672e737072696e676672616d65776f726b2e73656375726974792e7765622e61757468656e7469636174696f6e2e57656241757468656e7469636174696f6e44657461696c7300000000000001fe0200024c000d72656d6f74654164647265737371007e000f4c000973657373696f6e496471007e000f787074000f303a303a303a303a303a303a303a31740028675150364f77643541374f654650347462596e706f3664336a6a326c5a4a49696b4f76784c4f613470737200326f72672e737072696e676672616d65776f726b2e73656375726974792e636f72652e7573657264657461696c732e5573657200000000000001fe0200075a00116163636f756e744e6f6e457870697265645a00106163636f756e744e6f6e4c6f636b65645a001563726564656e7469616c734e6f6e457870697265645a0007656e61626c65644c000b617574686f72697469657371007e00114c000870617373776f726471007e000f4c0008757365726e616d6571007e000f7870010101017371007e0022737200116a6176612e7574696c2e54726565536574dd98509395ed875b0300007870737200466f72672e737072696e676672616d65776f726b2e73656375726974792e636f72652e7573657264657461696c732e5573657224417574686f72697479436f6d70617261746f7200000000000001fe0200007870770400000000787074000561646d696e), ('a9vFQJ', 0xaced0005737200416f72672e737072696e676672616d65776f726b2e73656375726974792e6f61757468322e70726f76696465722e4f417574683241757468656e7469636174696f6ebd400b02166252130200024c000d73746f7265645265717565737474003c4c6f72672f737072696e676672616d65776f726b2f73656375726974792f6f61757468322f70726f76696465722f4f4175746832526571756573743b4c00127573657241757468656e7469636174696f6e7400324c6f72672f737072696e676672616d65776f726b2f73656375726974792f636f72652f41757468656e7469636174696f6e3b787200476f72672e737072696e676672616d65776f726b2e73656375726974792e61757468656e7469636174696f6e2e416273747261637441757468656e7469636174696f6e546f6b656ed3aa287e6e47640e0200035a000d61757468656e746963617465644c000b617574686f7269746965737400164c6a6176612f7574696c2f436f6c6c656374696f6e3b4c000764657461696c737400124c6a6176612f6c616e672f4f626a6563743b787000737200266a6176612e7574696c2e436f6c6c656374696f6e7324556e6d6f6469666961626c654c697374fc0f2531b5ec8e100200014c00046c6973747400104c6a6176612f7574696c2f4c6973743b7872002c6a6176612e7574696c2e436f6c6c656374696f6e7324556e6d6f6469666961626c65436f6c6c656374696f6e19420080cb5ef71e0200014c00016371007e00047870737200136a6176612e7574696c2e41727261794c6973747881d21d99c7619d03000149000473697a657870000000007704000000007871007e000c707372003a6f72672e737072696e676672616d65776f726b2e73656375726974792e6f61757468322e70726f76696465722e4f41757468325265717565737400000000000000010200075a0008617070726f7665644c000b617574686f72697469657371007e00044c000a657874656e73696f6e7374000f4c6a6176612f7574696c2f4d61703b4c000b72656469726563745572697400124c6a6176612f6c616e672f537472696e673b4c00077265667265736874003b4c6f72672f737072696e676672616d65776f726b2f73656375726974792f6f61757468322f70726f76696465722f546f6b656e526571756573743b4c000b7265736f7572636549647374000f4c6a6176612f7574696c2f5365743b4c000d726573706f6e7365547970657371007e0011787200386f72672e737072696e676672616d65776f726b2e73656375726974792e6f61757468322e70726f76696465722e426173655265717565737436287a3ea37169bd0200034c0008636c69656e74496471007e000f4c001172657175657374506172616d657465727371007e000e4c000573636f706571007e0011787074000b746573745f636c69656e74737200256a6176612e7574696c2e436f6c6c656374696f6e7324556e6d6f6469666961626c654d6170f1a5a8fe74f507420200014c00016d71007e000e7870737200116a6176612e7574696c2e486173684d61700507dac1c31660d103000246000a6c6f6164466163746f724900097468726573686f6c6478703f400000000000067708000000080000000574000d726573706f6e73655f74797065740004636f646574000c72656469726563745f757269740010687474703a2f2f62616964752e636f6d740005737461746574000474657374740009636c69656e745f696471007e001474000573636f70657400047265616478737200256a6176612e7574696c2e436f6c6c656374696f6e7324556e6d6f6469666961626c65536574801d92d18f9b80550200007871007e0009737200176a6176612e7574696c2e4c696e6b656448617368536574d86cd75a95dd2a1e020000787200116a6176612e7574696c2e48617368536574ba44859596b8b7340300007870770c000000103f400000000000017400047265616478017371007e0025770c000000103f40000000000000787371007e00173f400000000000007708000000100000000078740010687474703a2f2f62616964752e636f6d707371007e0025770c000000103f40000000000000787371007e0025770c000000103f4000000000000171007e001a787372004f6f72672e737072696e676672616d65776f726b2e73656375726974792e61757468656e7469636174696f6e2e557365726e616d6550617373776f726441757468656e7469636174696f6e546f6b656e00000000000001fe0200024c000b63726564656e7469616c7371007e00054c00097072696e636970616c71007e00057871007e0003017371007e00077371007e000b000000007704000000007871007e0030737200486f72672e737072696e676672616d65776f726b2e73656375726974792e7765622e61757468656e7469636174696f6e2e57656241757468656e7469636174696f6e44657461696c7300000000000001fe0200024c000d72656d6f74654164647265737371007e000f4c000973657373696f6e496471007e000f787074000f303a303a303a303a303a303a303a31740028675150364f77643541374f654650347462596e706f3664336a6a326c5a4a49696b4f76784c4f613470737200326f72672e737072696e676672616d65776f726b2e73656375726974792e636f72652e7573657264657461696c732e5573657200000000000001fe0200075a00116163636f756e744e6f6e457870697265645a00106163636f756e744e6f6e4c6f636b65645a001563726564656e7469616c734e6f6e457870697265645a0007656e61626c65644c000b617574686f72697469657371007e00114c000870617373776f726471007e000f4c0008757365726e616d6571007e000f7870010101017371007e0022737200116a6176612e7574696c2e54726565536574dd98509395ed875b0300007870737200466f72672e737072696e676672616d65776f726b2e73656375726974792e636f72652e7573657264657461696c732e5573657224417574686f72697479436f6d70617261746f7200000000000001fe0200007870770400000000787074000561646d696e), ('D5Zxi9', 0xaced0005737200416f72672e737072696e676672616d65776f726b2e73656375726974792e6f61757468322e70726f76696465722e4f417574683241757468656e7469636174696f6ebd400b02166252130200024c000d73746f7265645265717565737474003c4c6f72672f737072696e676672616d65776f726b2f73656375726974792f6f61757468322f70726f76696465722f4f4175746832526571756573743b4c00127573657241757468656e7469636174696f6e7400324c6f72672f737072696e676672616d65776f726b2f73656375726974792f636f72652f41757468656e7469636174696f6e3b787200476f72672e737072696e676672616d65776f726b2e73656375726974792e61757468656e7469636174696f6e2e416273747261637441757468656e7469636174696f6e546f6b656ed3aa287e6e47640e0200035a000d61757468656e746963617465644c000b617574686f7269746965737400164c6a6176612f7574696c2f436f6c6c656374696f6e3b4c000764657461696c737400124c6a6176612f6c616e672f4f626a6563743b787000737200266a6176612e7574696c2e436f6c6c656374696f6e7324556e6d6f6469666961626c654c697374fc0f2531b5ec8e100200014c00046c6973747400104c6a6176612f7574696c2f4c6973743b7872002c6a6176612e7574696c2e436f6c6c656374696f6e7324556e6d6f6469666961626c65436f6c6c656374696f6e19420080cb5ef71e0200014c00016371007e00047870737200136a6176612e7574696c2e41727261794c6973747881d21d99c7619d03000149000473697a657870000000007704000000007871007e000c707372003a6f72672e737072696e676672616d65776f726b2e73656375726974792e6f61757468322e70726f76696465722e4f41757468325265717565737400000000000000010200075a0008617070726f7665644c000b617574686f72697469657371007e00044c000a657874656e73696f6e7374000f4c6a6176612f7574696c2f4d61703b4c000b72656469726563745572697400124c6a6176612f6c616e672f537472696e673b4c00077265667265736874003b4c6f72672f737072696e676672616d65776f726b2f73656375726974792f6f61757468322f70726f76696465722f546f6b656e526571756573743b4c000b7265736f7572636549647374000f4c6a6176612f7574696c2f5365743b4c000d726573706f6e7365547970657371007e0011787200386f72672e737072696e676672616d65776f726b2e73656375726974792e6f61757468322e70726f76696465722e426173655265717565737436287a3ea37169bd0200034c0008636c69656e74496471007e000f4c001172657175657374506172616d657465727371007e000e4c000573636f706571007e0011787074000b746573745f636c69656e74737200256a6176612e7574696c2e436f6c6c656374696f6e7324556e6d6f6469666961626c654d6170f1a5a8fe74f507420200014c00016d71007e000e7870737200116a6176612e7574696c2e486173684d61700507dac1c31660d103000246000a6c6f6164466163746f724900097468726573686f6c6478703f400000000000067708000000080000000574000d726573706f6e73655f74797065740004636f646574000c72656469726563745f757269740010687474703a2f2f62616964752e636f6d7400057374617465740003313233740009636c69656e745f696471007e001474000573636f70657400047265616478737200256a6176612e7574696c2e436f6c6c656374696f6e7324556e6d6f6469666961626c65536574801d92d18f9b80550200007871007e0009737200176a6176612e7574696c2e4c696e6b656448617368536574d86cd75a95dd2a1e020000787200116a6176612e7574696c2e48617368536574ba44859596b8b7340300007870770c000000103f400000000000017400047265616478017371007e0025770c000000103f40000000000000787371007e00173f400000000000007708000000100000000078740010687474703a2f2f62616964752e636f6d707371007e0025770c000000103f40000000000000787371007e0025770c000000103f4000000000000171007e001a787372004f6f72672e737072696e676672616d65776f726b2e73656375726974792e61757468656e7469636174696f6e2e557365726e616d6550617373776f726441757468656e7469636174696f6e546f6b656e00000000000001fe0200024c000b63726564656e7469616c7371007e00054c00097072696e636970616c71007e00057871007e0003017371007e00077371007e000b000000007704000000007871007e0030737200486f72672e737072696e676672616d65776f726b2e73656375726974792e7765622e61757468656e7469636174696f6e2e57656241757468656e7469636174696f6e44657461696c7300000000000001fe0200024c000d72656d6f74654164647265737371007e000f4c000973657373696f6e496471007e000f787074000f303a303a303a303a303a303a303a3174002863594d334f3037464f7a4f574244785f7157507754792d7344524d303561346e6634397731584b6f70737200326f72672e737072696e676672616d65776f726b2e73656375726974792e636f72652e7573657264657461696c732e5573657200000000000001fe0200075a00116163636f756e744e6f6e457870697265645a00106163636f756e744e6f6e4c6f636b65645a001563726564656e7469616c734e6f6e457870697265645a0007656e61626c65644c000b617574686f72697469657371007e00114c000870617373776f726471007e000f4c0008757365726e616d6571007e000f7870010101017371007e0022737200116a6176612e7574696c2e54726565536574dd98509395ed875b0300007870737200466f72672e737072696e676672616d65776f726b2e73656375726974792e636f72652e7573657264657461696c732e5573657224417574686f72697479436f6d70617261746f7200000000000001fe0200007870770400000000787074000561646d696e), ('G3yolh', 0xaced0005737200416f72672e737072696e676672616d65776f726b2e73656375726974792e6f61757468322e70726f76696465722e4f417574683241757468656e7469636174696f6ebd400b02166252130200024c000d73746f7265645265717565737474003c4c6f72672f737072696e676672616d65776f726b2f73656375726974792f6f61757468322f70726f76696465722f4f4175746832526571756573743b4c00127573657241757468656e7469636174696f6e7400324c6f72672f737072696e676672616d65776f726b2f73656375726974792f636f72652f41757468656e7469636174696f6e3b787200476f72672e737072696e676672616d65776f726b2e73656375726974792e61757468656e7469636174696f6e2e416273747261637441757468656e7469636174696f6e546f6b656ed3aa287e6e47640e0200035a000d61757468656e746963617465644c000b617574686f7269746965737400164c6a6176612f7574696c2f436f6c6c656374696f6e3b4c000764657461696c737400124c6a6176612f6c616e672f4f626a6563743b787000737200266a6176612e7574696c2e436f6c6c656374696f6e7324556e6d6f6469666961626c654c697374fc0f2531b5ec8e100200014c00046c6973747400104c6a6176612f7574696c2f4c6973743b7872002c6a6176612e7574696c2e436f6c6c656374696f6e7324556e6d6f6469666961626c65436f6c6c656374696f6e19420080cb5ef71e0200014c00016371007e00047870737200136a6176612e7574696c2e41727261794c6973747881d21d99c7619d03000149000473697a657870000000007704000000007871007e000c707372003a6f72672e737072696e676672616d65776f726b2e73656375726974792e6f61757468322e70726f76696465722e4f41757468325265717565737400000000000000010200075a0008617070726f7665644c000b617574686f72697469657371007e00044c000a657874656e73696f6e7374000f4c6a6176612f7574696c2f4d61703b4c000b72656469726563745572697400124c6a6176612f6c616e672f537472696e673b4c00077265667265736874003b4c6f72672f737072696e676672616d65776f726b2f73656375726974792f6f61757468322f70726f76696465722f546f6b656e526571756573743b4c000b7265736f7572636549647374000f4c6a6176612f7574696c2f5365743b4c000d726573706f6e7365547970657371007e0011787200386f72672e737072696e676672616d65776f726b2e73656375726974792e6f61757468322e70726f76696465722e426173655265717565737436287a3ea37169bd0200034c0008636c69656e74496471007e000f4c001172657175657374506172616d657465727371007e000e4c000573636f706571007e0011787074000b746573745f636c69656e74737200256a6176612e7574696c2e436f6c6c656374696f6e7324556e6d6f6469666961626c654d6170f1a5a8fe74f507420200014c00016d71007e000e7870737200116a6176612e7574696c2e486173684d61700507dac1c31660d103000246000a6c6f6164466163746f724900097468726573686f6c6478703f400000000000067708000000080000000574000d726573706f6e73655f74797065740004636f646574000c72656469726563745f757269740010687474703a2f2f62616964752e636f6d7400057374617465740003313233740009636c69656e745f696471007e001474000573636f70657400047265616478737200256a6176612e7574696c2e436f6c6c656374696f6e7324556e6d6f6469666961626c65536574801d92d18f9b80550200007871007e0009737200176a6176612e7574696c2e4c696e6b656448617368536574d86cd75a95dd2a1e020000787200116a6176612e7574696c2e48617368536574ba44859596b8b7340300007870770c000000103f400000000000017400047265616478017371007e0025770c000000103f40000000000000787371007e00173f400000000000007708000000100000000078740010687474703a2f2f62616964752e636f6d707371007e0025770c000000103f40000000000000787371007e0025770c000000103f4000000000000171007e001a787372004f6f72672e737072696e676672616d65776f726b2e73656375726974792e61757468656e7469636174696f6e2e557365726e616d6550617373776f726441757468656e7469636174696f6e546f6b656e00000000000001fe0200024c000b63726564656e7469616c7371007e00054c00097072696e636970616c71007e00057871007e0003017371007e00077371007e000b000000007704000000007871007e0030737200486f72672e737072696e676672616d65776f726b2e73656375726974792e7765622e61757468656e7469636174696f6e2e57656241757468656e7469636174696f6e44657461696c7300000000000001fe0200024c000d72656d6f74654164647265737371007e000f4c000973657373696f6e496471007e000f787074000f303a303a303a303a303a303a303a3174002863594d334f3037464f7a4f574244785f7157507754792d7344524d303561346e6634397731584b6f70737200326f72672e737072696e676672616d65776f726b2e73656375726974792e636f72652e7573657264657461696c732e5573657200000000000001fe0200075a00116163636f756e744e6f6e457870697265645a00106163636f756e744e6f6e4c6f636b65645a001563726564656e7469616c734e6f6e457870697265645a0007656e61626c65644c000b617574686f72697469657371007e00114c000870617373776f726471007e000f4c0008757365726e616d6571007e000f7870010101017371007e0022737200116a6176612e7574696c2e54726565536574dd98509395ed875b0300007870737200466f72672e737072696e676672616d65776f726b2e73656375726974792e636f72652e7573657264657461696c732e5573657224417574686f72697479436f6d70617261746f7200000000000001fe0200007870770400000000787074000561646d696e);
COMMIT;

-- ----------------------------
--  Table structure for `oauth_refresh_token`
-- ----------------------------
DROP TABLE IF EXISTS `oauth_refresh_token`;
CREATE TABLE `oauth_refresh_token` (
  `token_id` varchar(256) DEFAULT NULL COMMENT 'MD5加密过的refresh_token的值',
  `token` blob COMMENT 'OAuth2RefreshToken.java对象序列化后的二进制数据',
  `authentication` blob COMMENT 'OAuth2Authentication.java对象序列化后的二进制数据'
) ENGINE=InnoDB DEFAULT CHARSET=utf8 COMMENT='更新令牌表';

-- ----------------------------
--  Records of `oauth_refresh_token`
-- ----------------------------
BEGIN;
INSERT INTO `oauth_refresh_token` VALUES ('5f0dfe057a32319fbdea7374f9c8bd9a', 0xaced0005737200446f72672e737072696e676672616d65776f726b2e73656375726974792e6f61757468322e636f6d6d6f6e2e44656661756c744f417574683252656672657368546f6b656e73e10e0a6354d45e0200014c000576616c75657400124c6a6176612f6c616e672f537472696e673b787074002439366464376161632d333361392d346365662d383266352d363231653835623761343864, 0xaced0005737200416f72672e737072696e676672616d65776f726b2e73656375726974792e6f61757468322e70726f76696465722e4f417574683241757468656e7469636174696f6ebd400b02166252130200024c000d73746f7265645265717565737474003c4c6f72672f737072696e676672616d65776f726b2f73656375726974792f6f61757468322f70726f76696465722f4f4175746832526571756573743b4c00127573657241757468656e7469636174696f6e7400324c6f72672f737072696e676672616d65776f726b2f73656375726974792f636f72652f41757468656e7469636174696f6e3b787200476f72672e737072696e676672616d65776f726b2e73656375726974792e61757468656e7469636174696f6e2e416273747261637441757468656e7469636174696f6e546f6b656ed3aa287e6e47640e0200035a000d61757468656e746963617465644c000b617574686f7269746965737400164c6a6176612f7574696c2f436f6c6c656374696f6e3b4c000764657461696c737400124c6a6176612f6c616e672f4f626a6563743b787000737200266a6176612e7574696c2e436f6c6c656374696f6e7324556e6d6f6469666961626c654c697374fc0f2531b5ec8e100200014c00046c6973747400104c6a6176612f7574696c2f4c6973743b7872002c6a6176612e7574696c2e436f6c6c656374696f6e7324556e6d6f6469666961626c65436f6c6c656374696f6e19420080cb5ef71e0200014c00016371007e00047870737200136a6176612e7574696c2e41727261794c6973747881d21d99c7619d03000149000473697a65787000000001770400000001737200426f72672e737072696e676672616d65776f726b2e73656375726974792e636f72652e617574686f726974792e53696d706c654772616e746564417574686f7269747900000000000001fe0200014c0004726f6c657400124c6a6176612f6c616e672f537472696e673b787074000a524f4c455f41444d494e7871007e000c707372003a6f72672e737072696e676672616d65776f726b2e73656375726974792e6f61757468322e70726f76696465722e4f41757468325265717565737400000000000000010200075a0008617070726f7665644c000b617574686f72697469657371007e00044c000a657874656e73696f6e7374000f4c6a6176612f7574696c2f4d61703b4c000b726564697265637455726971007e000e4c00077265667265736874003b4c6f72672f737072696e676672616d65776f726b2f73656375726974792f6f61757468322f70726f76696465722f546f6b656e526571756573743b4c000b7265736f7572636549647374000f4c6a6176612f7574696c2f5365743b4c000d726573706f6e7365547970657371007e0014787200386f72672e737072696e676672616d65776f726b2e73656375726974792e6f61757468322e70726f76696465722e426173655265717565737436287a3ea37169bd0200034c0008636c69656e74496471007e000e4c001172657175657374506172616d657465727371007e00124c000573636f706571007e0014787074000b746573745f636c69656e74737200256a6176612e7574696c2e436f6c6c656374696f6e7324556e6d6f6469666961626c654d6170f1a5a8fe74f507420200014c00016d71007e00127870737200116a6176612e7574696c2e486173684d61700507dac1c31660d103000246000a6c6f6164466163746f724900097468726573686f6c6478703f400000000000017708000000020000000174000a6772616e745f7479706574000870617373776f726478737200256a6176612e7574696c2e436f6c6c656374696f6e7324556e6d6f6469666961626c65536574801d92d18f9b80550200007871007e0009737200176a6176612e7574696c2e4c696e6b656448617368536574d86cd75a95dd2a1e020000787200116a6176612e7574696c2e48617368536574ba44859596b8b7340300007870770c000000103f4000000000000274000472656164740005777269746578017371007e0021770c000000103f40000000000000787371007e001a3f40000000000000770800000010000000007870707371007e0021770c000000103f40000000000000787371007e0021770c000000103f400000000000007873720050636f6d2e736b79636c6f75642e626173652e61757468656e7469636174696f6e2e6170692e6d6f64656c2e746f6b656e2e5573657250617373776f726441757468656e7469636174696f6e546f6b656e34ae03dc29b1a4600200007872004a636f6d2e736b79636c6f75642e626173652e61757468656e7469636174696f6e2e6170692e6d6f64656c2e746f6b656e2e437573746f6d41757468656e7469636174696f6e546f6b656e7fbeab361c0f60cc0200034c0004646174617400214c636f6d2f616c69626162612f666173746a736f6e2f4a534f4e4f626a6563743b4c00116f4175746832416363657373546f6b656e74003e4c6f72672f737072696e676672616d65776f726b2f73656375726974792f6f61757468322f636f6d6d6f6e2f4f4175746832416363657373546f6b656e3b4c00097072696e636970616c71007e00057871007e0003017371007e00077371007e000b0000000177040000000171007e000f7871007e002f7372003e636f6d2e736b79636c6f75642e626173652e61757468656e7469636174696f6e2e6170692e6d6f64656c2e626f2e437573746f6d5573657244657461696cb0896fa4724229580200044c000b617574686f72697469657371007e00044c000870617373776f726471007e000e4c00067573657249647400104c6a6176612f6c616e672f4c6f6e673b4c0008757365724e616d6571007e000e78707371007e000b0000000177040000000171007e000f787400007372000e6a6176612e6c616e672e4c6f6e673b8be490cc8f23df0200014a000576616c7565787200106a6176612e6c616e672e4e756d62657286ac951d0b94e08b0200007870000000000000006574000fe8b685e7baa7e7aea1e79086e591987372001f636f6d2e616c69626162612e666173746a736f6e2e4a534f4e4f626a65637400000000000000010200014c00036d617071007e001278707371007e001a3f4000000000000c7708000000100000000174000875736572496e666f73720039636f6d2e736b79636c6f75642e626173652e61757468656e7469636174696f6e2e6170692e6d6f64656c2e766f2e557365724c6f67696e566f0451e310565a31fa0200054c0002696471007e00314c00066d6f62696c6571007e000e4c00046e616d6571007e000e4c0005726f6c657371007e00084c0008757365726e616d6571007e000e787071007e003771007e003471007e00387371007e000b0000000177040000000173720034636f6d2e736b79636c6f75642e626173652e61757468656e7469636174696f6e2e6170692e6d6f64656c2e766f2e526f6c65566fef64f189f9e30c450200034c0004636f646571007e000e4c0002696471007e00314c00046e616d6571007e000e787074000541444d494e71007e003774000fe8b685e7baa7e7aea1e79086e591987874000561646d696e787071007e0038);
COMMIT;

-- ----------------------------
--  Table structure for `t_codegen`
-- ----------------------------
DROP TABLE IF EXISTS `t_codegen`;
CREATE TABLE `t_codegen` (
  `id` bigint(20) NOT NULL AUTO_INCREMENT COMMENT 'id',
  `package_name` varchar(50) NOT NULL COMMENT '包名',
  `module_name` varchar(50) NOT NULL COMMENT '模块名',
  `service_name` varchar(50) NOT NULL COMMENT '服务名',
  `table_prefix` varchar(10) DEFAULT NULL COMMENT '表前缀',
  `table_name` varchar(20) DEFAULT NULL COMMENT '表名',
  `dal_type` tinyint(4) DEFAULT '0' COMMENT '数据访问层类型 0: tkmybatis 1:mybatis-plus',
  `datasource_id` bigint(20) DEFAULT NULL COMMENT '数据源ID',
  `author` varchar(50) DEFAULT NULL COMMENT '作者',
  `create_time` datetime NOT NULL DEFAULT CURRENT_TIMESTAMP COMMENT '创建时间',
  `update_time` datetime NOT NULL DEFAULT CURRENT_TIMESTAMP COMMENT '更新时间',
  `create_by` varchar(100) NOT NULL COMMENT '创建人',
  `update_by` varchar(100) NOT NULL COMMENT '更新人',
  `disabled` int(11) DEFAULT '0' COMMENT '数据是否有效(0 有效 1 无效)',
  `remark` varchar(200) DEFAULT NULL COMMENT '备注',
  PRIMARY KEY (`id`)
) ENGINE=InnoDB AUTO_INCREMENT=6 DEFAULT CHARSET=utf8 COMMENT='代码生成器表';

-- ----------------------------
--  Records of `t_codegen`
-- ----------------------------
BEGIN;
INSERT INTO `t_codegen` VALUES ('1', 'com.skycloud.base', 'authentication', 'skycloud-base-authentication', 't_', 't_resource', '0', '1', 'sky', '2019-09-15 15:31:09', '2019-11-16 09:46:55', 'system', 'system', '0', null), ('2', 'com.skycloud.base', 'authentication', 'skycloud-base-authentication', 't_', 't_resource', '0', '1', 'sky', '2019-09-15 15:37:46', '2019-09-15 15:37:46', 'system', 'system', '0', null), ('3', 'com.skycloud.base', 'authentication', 'skycloud-base-authentication', 't_', 't_resource', '0', '1', 'sky', '2019-09-15 15:37:48', '2019-11-16 09:46:58', 'system', 'system', '0', null), ('4', 'com.skycloud.base', 'authentication', 'skycloud-base-authentication', 't_', 't_resource', '0', '1', 'sky', '2019-09-15 15:37:49', '2019-09-15 15:37:49', 'system', 'system', '0', null), ('5', 'com.skycloud.base', 'codegen', 'skycloud-base-codegen', 't_', 't_codegen', '1', '1', 'sky', '2019-10-19 10:31:21', '2019-11-16 09:47:00', 'system', 'system', '0', null);
COMMIT;

-- ----------------------------
--  Table structure for `t_datasource`
-- ----------------------------
DROP TABLE IF EXISTS `t_datasource`;
CREATE TABLE `t_datasource` (
  `id` bigint(20) NOT NULL AUTO_INCREMENT COMMENT 'id',
  `name` varchar(100) DEFAULT NULL COMMENT '名称',
  `driver_class` varchar(100) DEFAULT NULL COMMENT '驱动类名称',
  `username` varchar(200) DEFAULT NULL COMMENT '用户名',
  `password` varchar(200) DEFAULT NULL COMMENT '密码',
  `url` varchar(200) DEFAULT NULL COMMENT '连接地址',
  `remark` varchar(500) DEFAULT NULL COMMENT '备注',
  `create_time` datetime NOT NULL DEFAULT CURRENT_TIMESTAMP COMMENT '创建时间',
  `update_time` datetime NOT NULL DEFAULT CURRENT_TIMESTAMP COMMENT '更新时间',
  `create_by` varchar(100) NOT NULL COMMENT '创建人',
  `update_by` varchar(100) NOT NULL COMMENT '更新人',
  `disabled` int(11) DEFAULT '0' COMMENT '数据是否有效(0 有效 1 无效)',
  PRIMARY KEY (`id`)
) ENGINE=InnoDB AUTO_INCREMENT=16 DEFAULT CHARSET=utf8 COMMENT='数据源表';

-- ----------------------------
--  Records of `t_datasource`
-- ----------------------------
BEGIN;
INSERT INTO `t_datasource` VALUES ('1', 'cloud', 'com.mysql.jdbc.Driver', 'root', '123456', 'jdbc:mysql://47.96.117.253:3306/cloud?useSSL=false&characterEncoding=utf8', 'cloud数据源', '2019-09-15 12:38:13', '2019-11-16 09:46:38', 'system', 'system', '0'), ('15', 'datax', 'com.mysql.jdbc.Driver', 'root', '123456', 'jdbc:mysql://47.96.117.253:3306/datax?useSSL=false&characterEncoding=utf8', 'datax数据库', '2019-09-15 14:25:24', '2019-09-15 14:46:40', 'system', 'system', '0');
COMMIT;

-- ----------------------------
--  Table structure for `t_resource`
-- ----------------------------
DROP TABLE IF EXISTS `t_resource`;
CREATE TABLE `t_resource` (
  `id` bigint(20) NOT NULL AUTO_INCREMENT COMMENT '资源id',
  `code` varchar(100) DEFAULT NULL COMMENT '资源code',
  `type` varchar(100) DEFAULT NULL COMMENT '资源类型(10 左侧菜单 20 top菜单 30 接口URL 40 按钮)',
  `name` varchar(200) DEFAULT NULL COMMENT '资源名称',
  `url` varchar(200) DEFAULT NULL COMMENT '资源url',
  `method` varchar(20) DEFAULT NULL COMMENT '资源方法',
  `description` varchar(500) DEFAULT NULL COMMENT '简介',
  `create_time` datetime NOT NULL DEFAULT CURRENT_TIMESTAMP COMMENT '创建时间',
  `update_time` datetime NOT NULL DEFAULT CURRENT_TIMESTAMP COMMENT '更新时间',
  `create_by` varchar(100) NOT NULL COMMENT '创建人',
  `update_by` varchar(100) NOT NULL COMMENT '更新人',
  `disabled` int(11) DEFAULT '0' COMMENT '数据是否有效(0 有效 1 无效)',
  `sort` int(10) DEFAULT '0' COMMENT '排序',
  `parent_id` bigint(20) NOT NULL DEFAULT '0' COMMENT '父ID',
  `icon` varchar(100) DEFAULT NULL COMMENT '图标',
  PRIMARY KEY (`id`),
  UNIQUE KEY `ux_resources_code` (`code`)
) ENGINE=InnoDB AUTO_INCREMENT=137 DEFAULT CHARSET=utf8 COMMENT='资源表';

-- ----------------------------
--  Records of `t_resource`
-- ----------------------------
BEGIN;
INSERT INTO `t_resource` VALUES ('101', 'user_manager:btn_add', '40', '新增', '/users', 'POST', '新增用户功能', '2019-09-10 06:05:58', '2019-09-10 06:05:58', 'system', 'system', '0', '0', '0', null), ('102', 'user_manager:btn_edit', '40', '编辑', '/users', 'PUT', '编辑用户功能', '2019-09-10 06:05:58', '2019-09-10 06:05:58', 'system', 'system', '0', '0', '0', null), ('103', 'user_manager:btn_del', '40', '删除', '/users/{id}', 'DELETE', '删除用户功能', '2019-09-10 06:05:58', '2019-09-10 06:05:58', 'system', 'system', '0', '0', '0', null), ('104', 'user_manager:view', '40', '查看', '/users/{id}', 'GET', '查询用户功能', '2019-09-10 06:05:58', '2019-09-10 06:05:58', 'system', 'system', '0', '0', '0', null), ('105', 'system_manager:menu:01', '10', '注册中心', 'http://47.96.117.253:8500', 'GET', '查询用户功能', '2019-09-10 06:05:58', '2019-09-10 06:05:58', 'system', 'system', '0', '0', '106', null), ('106', 'system_manager:menu', '10', '运维管理', '', 'GET', '查询用户功能', '2019-09-10 06:05:58', '2019-09-10 06:05:58', 'system', 'system', '0', '0', '0', null), ('107', 'system_manager:menu:02', '10', '配置中心', 'http://47.96.117.253:8070?target=_blank', 'GET', '查询用户功能', '2019-09-10 06:05:58', '2019-09-10 06:05:58', 'system', 'system', '0', '0', '106', null), ('108', 'system_manager:menu:03', '10', '日志查看', 'http://39.98.63.230:5601', 'GET', '查询用户功能', '2019-09-10 06:05:58', '2019-09-10 06:05:58', 'system', 'system', '0', '0', '106', null), ('109', 'system_manager:menu:04', '10', '调用链监控', 'http://47.96.117.253:8180', 'GET', '查询用户功能', '2019-09-10 06:05:58', '2019-09-10 06:05:58', 'system', 'system', '0', '0', '106', null), ('110', 'system_manager:menu:05', '10', 'SBA监控', 'http://47.96.117.253:8906', 'GET', '查询用户功能', '2019-09-10 06:05:58', '2019-09-10 06:05:58', 'system', 'system', '0', '0', '106', null), ('111', 'system_manager:menu:06', '10', 'grafana监控', 'http://47.96.117.253:3000?target=_blank', 'GET', '查询用户功能', '2019-09-10 06:05:58', '2019-09-10 06:05:58', 'system', 'system', '0', '0', '106', null), ('114', 'system_manager:menu:07', '10', 'MQ监控', 'http://47.96.117.253:8923', 'GET', '查询用户功能', '2019-09-10 06:05:58', '2019-09-10 06:05:58', 'system', 'system', '0', '0', '106', null), ('115', 'system_manager:menu:08', '10', '断路器监控', 'http://47.96.117.253:8908/hystrix', 'GET', '查询用户功能', '2019-09-10 06:05:58', '2019-09-10 06:05:58', 'system', 'system', '0', '0', '106', null), ('116', 'system_manager:menu:09', '10', '定时任务', 'http://47.96.117.253:8921/dooolycloud-job-admin/', 'GET', '查询用户功能', '2019-09-10 06:05:58', '2019-09-10 06:05:58', 'system', 'system', '0', '0', '106', null), ('117', 'code_manager:menu', '10', '辅助工具', '', 'GET', '查询用户功能', '2019-09-10 06:05:58', '2019-09-10 06:05:58', 'system', 'system', '0', '0', '0', null), ('118', 'code_manager:menu:01', '10', '代码生成器', '/tool/code', 'GET', '查询用户功能', '2019-09-10 06:05:58', '2019-09-10 06:05:58', 'system', 'system', '0', '0', '117', null), ('119', 'elt_manager:menu', '10', '数据迁移', '', 'GET', '查询用户功能', '2019-09-10 06:05:58', '2019-09-10 06:05:58', 'system', 'system', '0', '0', '0', null), ('120', 'elt_manager:menu:01', '10', '同步任务', '/datax/job/index', 'GET', '同步任务', '2019-09-12 08:02:31', '2019-09-12 08:02:31', 'system', 'system', '0', '0', '119', null), ('121', 'elt_manager:menu:02', '10', '插件查看', '/datax/plugin/index', 'GET', '同步任务', '2019-09-12 08:02:31', '2019-09-12 08:02:31', 'system', 'system', '0', '0', '119', null), ('122', 'elt_manager:menu:03', '10', '作业配置', '/datax/jobConfig/index', 'GET', '同步任务', '2019-09-12 08:02:31', '2019-09-12 08:02:31', 'system', 'system', '0', '0', '119', null), ('123', 'elt_manager:btn_del', '40', '插件查看-删除', '/plugin/remove', 'GET', '同步任务', '2019-09-12 08:02:31', '2019-09-12 08:02:31', 'system', 'system', '0', '0', '119', null), ('124', 'elt_manager:btn_add', '40', '插件查看-添加', '/plugin/add', 'GET', '同步任务', '2019-09-12 08:02:31', '2019-09-12 08:02:31', 'system', 'system', '0', '0', '119', null), ('125', 'elt_manager:btn_edit', '40', '插件查看-编辑', '/plugin/update', 'GET', '同步任务', '2019-09-12 08:02:31', '2019-09-12 08:02:31', 'system', 'system', '0', '0', '119', null), ('126', 'elt_manager:btn_view', '40', '插件查看-查看', '/plugin/list', 'GET', '同步任务', '2019-09-12 08:02:31', '2019-09-12 08:02:31', 'system', 'system', '0', '0', '119', null), ('127', 'elt_manager:jobConfig_btn_view', '40', '作业配置-查看', '/jobConfig/list', 'GET', '同步任务', '2019-09-12 08:02:31', '2019-09-12 08:02:31', 'system', 'system', '0', '0', '122', null), ('128', 'elt_manager:jobConfig_btn_edit', '40', '作业配置-编辑', '/jobConfig/update', 'GET', '同步任务', '2019-09-12 08:02:31', '2019-09-12 08:02:31', 'system', 'system', '0', '0', '122', null), ('129', 'elt_manager:jobConfig_btn_del', '40', '作业配置-删除', '/jobConfig/remove', 'GET', '同步任务', '2019-09-12 08:02:31', '2019-09-12 08:02:31', 'system', 'system', '0', '0', '122', null), ('130', 'elt_manager:jobConfig_btn_add', '40', '作业配置-添加', '/jobConfig/add', 'GET', '同步任务', '2019-09-12 08:02:31', '2019-09-12 08:02:31', 'system', 'system', '0', '0', '122', null), ('131', 'code_manager:menu:02', '10', '数据源管理', '/tool/datasource', 'GET', '查询用户功能', '2019-09-10 06:05:58', '2019-09-10 06:05:58', 'system', 'system', '0', '0', '117', null), ('132', 'code_manager:menu:03', '10', '表单设计器', 'https://form.avuejs.com', 'GET', '查询用户功能', '2019-09-10 06:05:58', '2019-09-10 06:05:58', 'system', 'system', '0', '0', '117', null), ('133', 'code_manager:menu:04', '10', '表格设计器', 'https://crud.avuejs.com', 'GET', '查询用户功能', '2019-09-10 06:05:58', '2019-09-10 06:05:58', 'system', 'system', '0', '0', '117', null), ('134', 'system_manager:api:01', '30', '获取左侧菜单接口', '/resources/getMenu', 'POST', '查询左侧菜单', '2019-09-10 06:05:58', '2019-09-10 06:05:58', 'system', 'system', '0', '0', '0', null), ('135', 'system_manager:api:02', '30', '获取按钮接口', '/resources/getButton', 'POST', ' 查询按钮', '2019-09-10 06:05:58', '2019-09-10 06:05:58', 'system', 'system', '0', '0', '0', null), ('136', 'code_manager:menu:05', '10', '接口地址', 'http://localhost:8904/doc.html', 'GET', '查询用户功能', '2019-09-10 06:05:58', '2019-09-10 06:05:58', 'system', 'system', '0', '0', '117', null);
COMMIT;

-- ----------------------------
--  Table structure for `t_role`
-- ----------------------------
DROP TABLE IF EXISTS `t_role`;
CREATE TABLE `t_role` (
  `id` bigint(20) NOT NULL AUTO_INCREMENT COMMENT '角色id',
  `code` varchar(100) NOT NULL COMMENT '角色code',
  `name` varchar(200) DEFAULT NULL COMMENT '角色名称',
  `description` varchar(500) DEFAULT NULL COMMENT '简介',
  `create_time` datetime NOT NULL DEFAULT CURRENT_TIMESTAMP COMMENT '创建时间',
  `update_time` datetime NOT NULL DEFAULT CURRENT_TIMESTAMP COMMENT '更新时间',
  `create_by` varchar(100) NOT NULL COMMENT '创建人',
  `update_by` varchar(100) NOT NULL COMMENT '更新人',
  `disabled` int(11) DEFAULT '0' COMMENT '数据是否有效(0 有效 1 无效)',
  PRIMARY KEY (`id`)
) ENGINE=InnoDB AUTO_INCREMENT=104 DEFAULT CHARSET=utf8 COMMENT='角色表';

-- ----------------------------
--  Records of `t_role`
-- ----------------------------
BEGIN;
INSERT INTO `t_role` VALUES ('101', 'ADMIN', '超级管理员', '公司IT总负责人', '2019-09-10 06:05:14', '2019-09-10 06:05:14', 'system', 'system', '0'), ('102', 'FIN', '财务', '财务', '2019-09-10 06:05:14', '2019-09-10 06:05:14', 'system', 'system', '0'), ('103', 'IT', 'IT', 'IT角色', '2019-09-10 06:05:14', '2019-09-10 06:05:14', 'system', 'system', '0');
COMMIT;

-- ----------------------------
--  Table structure for `t_role_resource`
-- ----------------------------
DROP TABLE IF EXISTS `t_role_resource`;
CREATE TABLE `t_role_resource` (
  `id` bigint(20) NOT NULL AUTO_INCREMENT COMMENT '关系id',
  `resource_id` int(11) NOT NULL COMMENT '角色id',
  `role_id` int(11) NOT NULL COMMENT '资源id',
  `create_time` datetime NOT NULL DEFAULT CURRENT_TIMESTAMP COMMENT '创建时间',
  `update_time` datetime NOT NULL DEFAULT CURRENT_TIMESTAMP COMMENT '更新时间',
  `create_by` varchar(100) NOT NULL COMMENT '创建人',
  `update_by` varchar(100) NOT NULL COMMENT '更新人',
  `disabled` int(11) DEFAULT '0' COMMENT '数据是否有效(0 有效 1 无效)',
  PRIMARY KEY (`id`)
) ENGINE=InnoDB AUTO_INCREMENT=140 DEFAULT CHARSET=utf8 COMMENT='角色和资源关系表';

-- ----------------------------
--  Records of `t_role_resource`
-- ----------------------------
BEGIN;
INSERT INTO `t_role_resource` VALUES ('101', '101', '101', '2019-09-10 06:06:16', '2019-09-10 06:06:16', 'system', 'system', '0'), ('102', '102', '101', '2019-09-10 06:06:16', '2019-09-10 06:06:16', 'system', 'system', '0'), ('103', '103', '101', '2019-09-10 06:06:16', '2019-09-10 06:06:16', 'system', 'system', '0'), ('104', '104', '101', '2019-09-10 06:06:16', '2019-09-10 06:06:16', 'system', 'system', '0'), ('105', '104', '102', '2019-09-10 06:06:16', '2019-09-10 06:06:16', 'system', 'system', '0'), ('106', '101', '103', '2019-09-10 06:06:16', '2019-09-10 06:06:16', 'system', 'system', '0'), ('107', '102', '103', '2019-09-10 06:06:16', '2019-09-10 06:06:16', 'system', 'system', '0'), ('108', '103', '103', '2019-09-10 06:06:16', '2019-09-10 06:06:16', 'system', 'system', '0'), ('109', '104', '103', '2019-09-10 06:06:16', '2019-09-10 06:06:16', 'system', 'system', '0'), ('110', '105', '101', '2019-09-10 06:06:16', '2019-09-10 06:06:16', 'system', 'system', '0'), ('111', '106', '101', '2019-09-10 06:06:16', '2019-09-10 06:06:16', 'system', 'system', '0'), ('112', '107', '101', '2019-09-10 06:06:16', '2019-09-10 06:06:16', 'system', 'system', '0'), ('113', '108', '101', '2019-09-10 06:06:16', '2019-09-10 06:06:16', 'system', 'system', '0'), ('114', '109', '101', '2019-09-10 06:06:16', '2019-09-10 06:06:16', 'system', 'system', '0'), ('115', '110', '101', '2019-09-10 06:06:16', '2019-09-10 06:06:16', 'system', 'system', '0'), ('116', '111', '101', '2019-09-10 06:06:16', '2019-09-10 06:06:16', 'system', 'system', '0'), ('117', '114', '101', '2019-09-10 06:06:16', '2019-09-10 06:06:16', 'system', 'system', '0'), ('118', '115', '101', '2019-09-10 06:06:16', '2019-09-10 06:06:16', 'system', 'system', '0'), ('119', '116', '101', '2019-09-10 06:06:16', '2019-09-10 06:06:16', 'system', 'system', '0'), ('120', '117', '101', '2019-09-12 15:54:21', '2019-09-12 15:54:24', 'system', 'system', '0'), ('121', '118', '101', '2019-09-12 15:54:49', '2019-09-12 15:54:52', 'system', 'system', '0'), ('122', '119', '101', '2019-09-12 15:54:49', '2019-09-12 15:54:52', 'system', 'system', '0'), ('123', '120', '101', '2019-09-12 15:54:49', '2019-09-12 15:54:52', 'system', 'system', '0'), ('124', '121', '101', '2019-09-12 15:54:49', '2019-09-12 15:54:52', 'system', 'system', '0'), ('125', '122', '101', '2019-09-12 15:54:49', '2019-09-12 15:54:52', 'system', 'system', '0'), ('126', '123', '101', '2019-09-12 15:54:49', '2019-09-12 15:54:52', 'system', 'system', '0'), ('127', '124', '101', '2019-09-12 15:54:49', '2019-09-12 15:54:52', 'system', 'system', '0'), ('128', '125', '101', '2019-09-12 15:54:49', '2019-09-12 15:54:52', 'system', 'system', '0'), ('129', '126', '101', '2019-09-12 15:54:49', '2019-09-12 15:54:52', 'system', 'system', '0'), ('130', '127', '101', '2019-09-12 15:54:49', '2019-09-12 15:54:52', 'system', 'system', '0'), ('131', '128', '101', '2019-09-12 15:54:49', '2019-09-12 15:54:52', 'system', 'system', '0'), ('132', '129', '101', '2019-09-12 15:54:49', '2019-09-12 15:54:52', 'system', 'system', '0'), ('133', '130', '101', '2019-09-12 15:54:49', '2019-09-12 15:54:52', 'system', 'system', '0'), ('134', '131', '101', '2019-09-12 15:54:49', '2019-09-12 15:54:52', 'system', 'system', '0'), ('135', '132', '101', '2019-09-12 15:54:49', '2019-09-12 15:54:52', 'system', 'system', '0'), ('136', '133', '101', '2019-09-12 15:54:49', '2019-09-12 15:54:52', 'system', 'system', '0'), ('137', '134', '101', '2019-09-12 15:54:49', '2019-09-12 15:54:52', 'system', 'system', '0'), ('138', '135', '101', '2019-09-12 15:54:49', '2019-09-12 15:54:52', 'system', 'system', '0'), ('139', '136', '101', '2019-09-12 15:54:49', '2019-09-12 15:54:52', 'system', 'system', '0');
COMMIT;

-- ----------------------------
--  Table structure for `t_system_log`
-- ----------------------------
DROP TABLE IF EXISTS `t_system_log`;
CREATE TABLE `t_system_log` (
  `id` bigint(20) unsigned NOT NULL AUTO_INCREMENT COMMENT '主键ID',
  `type` tinyint(4) NOT NULL COMMENT '操作类型 0 增 1 删 2 改 3 查',
  `biz_type` smallint(6) NOT NULL COMMENT '业务类型',
  `remark` varchar(200) DEFAULT NULL COMMENT '备注',
  `create_time` datetime NOT NULL COMMENT '创建时间',
  `update_time` datetime DEFAULT NULL COMMENT '更新时间',
  `create_by` varchar(50) NOT NULL COMMENT '创建人',
  `update_by` varchar(50) DEFAULT NULL COMMENT '更新人',
  `disabled` tinyint(3) unsigned NOT NULL DEFAULT '0' COMMENT '0 无效 1有效',
  PRIMARY KEY (`id`)
) ENGINE=InnoDB DEFAULT CHARSET=utf8 ROW_FORMAT=COMPACT COMMENT='系统操作日志表(表操作)';

-- ----------------------------
--  Table structure for `t_user`
-- ----------------------------
DROP TABLE IF EXISTS `t_user`;
CREATE TABLE `t_user` (
  `id` bigint(20) NOT NULL AUTO_INCREMENT COMMENT '用户id',
  `username` varchar(100) NOT NULL COMMENT '用户名',
  `password` varchar(100) NOT NULL COMMENT '用户密码密文',
  `name` varchar(200) DEFAULT NULL COMMENT '用户姓名',
  `mobile` varchar(20) DEFAULT NULL COMMENT '用户手机',
  `enabled` bit(1) DEFAULT NULL COMMENT '是否有效用户',
  `account_non_expired` bit(1) DEFAULT NULL COMMENT '账号是否未过期',
  `credentials_non_expired` bit(1) DEFAULT NULL COMMENT '密码是否未过期',
  `account_non_locked` bit(1) DEFAULT NULL COMMENT '是否未锁定',
  `create_time` datetime NOT NULL DEFAULT CURRENT_TIMESTAMP COMMENT '创建时间',
  `update_time` datetime NOT NULL DEFAULT CURRENT_TIMESTAMP COMMENT '更新时间',
  `create_by` varchar(100) NOT NULL COMMENT '创建人',
  `update_by` varchar(100) NOT NULL COMMENT '更新人',
  `disabled` int(11) DEFAULT '0' COMMENT '数据是否有效(0 有效 1 无效)',
  PRIMARY KEY (`id`),
  UNIQUE KEY `ux_users_username` (`username`),
  UNIQUE KEY `ux_users_mobile` (`mobile`)
) ENGINE=InnoDB AUTO_INCREMENT=103 DEFAULT CHARSET=utf8 COMMENT='用户表';

-- ----------------------------
--  Records of `t_user`
-- ----------------------------
BEGIN;
INSERT INTO `t_user` VALUES ('101', 'admin', '$2a$10$vYA9wKn/hVGOtwQw2eHiceeIGNBdfLYpDmbzHgBSVmOfHXPH4iYdS', '超级管理员', '', b'1', b'1', b'1', b'1', '2019-09-10 06:05:07', '2019-09-10 06:05:07', 'system', 'system', '0'), ('102', 'user', '$2a$10$vYA9wKn/hVGOtwQw2eHiceeIGNBdfLYpDmbzHgBSVmOfHXPH4iYdS', '普通用户', '15619841000', b'1', b'1', b'1', b'1', '2019-09-10 06:05:07', '2019-09-10 06:05:07', 'system', 'system', '0');
COMMIT;

-- ----------------------------
--  Table structure for `t_user_role`
-- ----------------------------
DROP TABLE IF EXISTS `t_user_role`;
CREATE TABLE `t_user_role` (
  `id` bigint(20) NOT NULL AUTO_INCREMENT COMMENT '关系id',
  `user_id` int(11) NOT NULL COMMENT '用户id',
  `role_id` int(11) NOT NULL COMMENT '角色id',
  `create_time` datetime NOT NULL DEFAULT CURRENT_TIMESTAMP COMMENT '创建时间',
  `update_time` datetime NOT NULL DEFAULT CURRENT_TIMESTAMP COMMENT '更新时间',
  `create_by` varchar(100) NOT NULL COMMENT '创建人',
  `update_by` varchar(100) NOT NULL COMMENT '更新人',
  `disabled` int(11) DEFAULT '0' COMMENT '数据是否有效(0 有效 1 无效)',
  PRIMARY KEY (`id`)
) ENGINE=InnoDB AUTO_INCREMENT=104 DEFAULT CHARSET=utf8 COMMENT='用户和角色关系表';

-- ----------------------------
--  Records of `t_user_role`
-- ----------------------------
BEGIN;
INSERT INTO `t_user_role` VALUES ('101', '101', '101', '2019-09-10 06:06:09', '2019-09-10 06:06:09', 'system', 'system', '0'), ('102', '102', '101', '2019-09-10 06:06:09', '2019-09-10 06:06:09', 'system', 'system', '0'), ('103', '102', '103', '2019-09-10 06:06:09', '2019-09-10 06:06:09', 'system', 'system', '0');
COMMIT;

-- ----------------------------
--  Table structure for `worker_node`
-- ----------------------------
DROP TABLE IF EXISTS `worker_node`;
CREATE TABLE `worker_node` (
  `id` bigint(20) NOT NULL AUTO_INCREMENT COMMENT 'auto increment id',
  `host_name` varchar(64) NOT NULL COMMENT 'host name',
  `port` varchar(64) NOT NULL COMMENT 'port',
  `type` int(11) NOT NULL COMMENT 'node type: ACTUAL or CONTAINER',
  `launch_date` date NOT NULL COMMENT 'launch date',
  `modified` timestamp NOT NULL DEFAULT CURRENT_TIMESTAMP ON UPDATE CURRENT_TIMESTAMP COMMENT 'modified time',
  `created` timestamp NOT NULL DEFAULT CURRENT_TIMESTAMP COMMENT 'created time',
  PRIMARY KEY (`id`)
) ENGINE=InnoDB AUTO_INCREMENT=19 DEFAULT CHARSET=utf8 COMMENT='DB WorkerID Assigner for UID Generator';

-- ----------------------------
--  Records of `worker_node`
-- ----------------------------
BEGIN;
INSERT INTO `worker_node` VALUES ('17', '172.16.1.38', '1571973733318-70705', '2', '2019-10-25', '2019-10-25 03:22:13', '2019-10-25 03:22:13'), ('18', '172.16.1.38', '1571973734072-98787', '2', '2019-10-25', '2019-10-25 03:22:14', '2019-10-25 03:22:14');
COMMIT;

SET FOREIGN_KEY_CHECKS = 1;
