/*
 Navicat Premium Data Transfer

 Source Server         : 127.0.0.1
 Source Server Type    : MySQL
 Source Server Version : 50717
 Source Host           : 127.0.0.1
 Source Database       : apolloportaldb

 Target Server Type    : MySQL
 Target Server Version : 50717
 File Encoding         : utf-8

 Date: 07/07/2019 12:55:51 PM
*/

SET NAMES utf8;
SET FOREIGN_KEY_CHECKS = 0;

-- ----------------------------
--  Table structure for `app`
-- ----------------------------
DROP TABLE IF EXISTS `app`;
CREATE TABLE `app` (
  `Id` int(10) unsigned NOT NULL AUTO_INCREMENT COMMENT '主键',
  `AppId` varchar(500) NOT NULL DEFAULT 'default' COMMENT 'AppID',
  `Name` varchar(500) NOT NULL DEFAULT 'default' COMMENT '应用名',
  `OrgId` varchar(32) NOT NULL DEFAULT 'default' COMMENT '部门Id',
  `OrgName` varchar(64) NOT NULL DEFAULT 'default' COMMENT '部门名字',
  `OwnerName` varchar(500) NOT NULL DEFAULT 'default' COMMENT 'ownerName',
  `OwnerEmail` varchar(500) NOT NULL DEFAULT 'default' COMMENT 'ownerEmail',
  `IsDeleted` bit(1) NOT NULL DEFAULT b'0' COMMENT '1: deleted, 0: normal',
  `DataChange_CreatedBy` varchar(32) NOT NULL DEFAULT 'default' COMMENT '创建人邮箱前缀',
  `DataChange_CreatedTime` timestamp NOT NULL DEFAULT CURRENT_TIMESTAMP COMMENT '创建时间',
  `DataChange_LastModifiedBy` varchar(32) DEFAULT '' COMMENT '最后修改人邮箱前缀',
  `DataChange_LastTime` timestamp NULL DEFAULT CURRENT_TIMESTAMP ON UPDATE CURRENT_TIMESTAMP COMMENT '最后修改时间',
  PRIMARY KEY (`Id`),
  KEY `AppId` (`AppId`(191)),
  KEY `DataChange_LastTime` (`DataChange_LastTime`),
  KEY `IX_Name` (`Name`(191))
) ENGINE=InnoDB AUTO_INCREMENT=8 DEFAULT CHARSET=utf8mb4 COMMENT='应用表';

-- ----------------------------
--  Records of `app`
-- ----------------------------
BEGIN;
INSERT INTO `app` VALUES ('1', 'skycloud-base-monitor', 'skycloud-base-monitor', 'TEST1', '样例部门1', 'apollo', 'apollo@acme.com', b'0', 'apollo', '2019-07-07 11:48:58', 'apollo', '2019-07-07 04:02:50'), ('2', 'skycloud-base-turbine', 'skycloud-base-turbine', 'TEST1', '样例部门1', 'apollo', 'apollo@acme.com', b'0', 'apollo', '2019-07-07 12:07:51', 'apollo', '2019-07-07 12:07:51'), ('3', 'skycloud-base-hystrix', 'skycloud-base-hystrix', 'TEST1', '样例部门1', 'apollo', 'apollo@acme.com', b'0', 'apollo', '2019-07-07 12:12:03', 'apollo', '2019-07-07 12:12:03'), ('4', 'common-config', 'common-config', 'TEST1', '样例部门1', 'apollo', 'apollo@acme.com', b'0', 'apollo', '2019-07-07 12:18:41', 'apollo', '2019-07-07 12:18:41'), ('5', 'skycloud-base-authorizatioin', 'skycloud-base-authorizatioin', 'TEST1', '样例部门1', 'apollo', 'apollo@acme.com', b'0', 'apollo', '2019-07-07 12:27:30', 'apollo', '2019-07-07 12:27:30'), ('6', 'skycloud-base-gateway', 'skycloud-base-gateway', 'TEST1', '样例部门1', 'apollo', 'apollo@acme.com', b'0', 'apollo', '2019-07-07 12:32:52', 'apollo', '2019-07-07 12:32:52'), ('7', 'skycloud-service-member', 'skycloud-service-member', 'TEST1', '样例部门1', 'apollo', 'apollo@acme.com', b'0', 'apollo', '2019-07-07 12:38:43', 'apollo', '2019-07-07 12:38:43');
COMMIT;

-- ----------------------------
--  Table structure for `appnamespace`
-- ----------------------------
DROP TABLE IF EXISTS `appnamespace`;
CREATE TABLE `appnamespace` (
  `Id` int(10) unsigned NOT NULL AUTO_INCREMENT COMMENT '自增主键',
  `Name` varchar(32) NOT NULL DEFAULT '' COMMENT 'namespace名字，注意，需要全局唯一',
  `AppId` varchar(32) NOT NULL DEFAULT '' COMMENT 'app id',
  `Format` varchar(32) NOT NULL DEFAULT 'properties' COMMENT 'namespace的format类型',
  `IsPublic` bit(1) NOT NULL DEFAULT b'0' COMMENT 'namespace是否为公共',
  `Comment` varchar(64) NOT NULL DEFAULT '' COMMENT '注释',
  `IsDeleted` bit(1) NOT NULL DEFAULT b'0' COMMENT '1: deleted, 0: normal',
  `DataChange_CreatedBy` varchar(32) NOT NULL DEFAULT '' COMMENT '创建人邮箱前缀',
  `DataChange_CreatedTime` timestamp NOT NULL DEFAULT CURRENT_TIMESTAMP COMMENT '创建时间',
  `DataChange_LastModifiedBy` varchar(32) DEFAULT '' COMMENT '最后修改人邮箱前缀',
  `DataChange_LastTime` timestamp NULL DEFAULT CURRENT_TIMESTAMP ON UPDATE CURRENT_TIMESTAMP COMMENT '最后修改时间',
  PRIMARY KEY (`Id`),
  KEY `IX_AppId` (`AppId`),
  KEY `Name_AppId` (`Name`,`AppId`),
  KEY `DataChange_LastTime` (`DataChange_LastTime`)
) ENGINE=InnoDB AUTO_INCREMENT=10 DEFAULT CHARSET=utf8mb4 COMMENT='应用namespace定义';

-- ----------------------------
--  Records of `appnamespace`
-- ----------------------------
BEGIN;
INSERT INTO `appnamespace` VALUES ('1', 'application', 'skycloud-base-monitor', 'properties', b'0', 'default app namespace', b'0', 'apollo', '2019-07-07 11:48:58', 'apollo', '2019-07-07 04:03:02'), ('2', 'application', 'skycloud-base-turbine', 'properties', b'0', 'default app namespace', b'0', 'apollo', '2019-07-07 12:07:51', 'apollo', '2019-07-07 12:07:51'), ('3', 'application', 'skycloud-base-hystrix', 'properties', b'0', 'default app namespace', b'0', 'apollo', '2019-07-07 12:12:03', 'apollo', '2019-07-07 12:12:03'), ('4', 'application', 'common-config', 'properties', b'0', 'default app namespace', b'0', 'apollo', '2019-07-07 12:18:41', 'apollo', '2019-07-07 12:18:41'), ('5', 'redis', 'common-config', 'properties', b'1', '公用redis', b'0', 'apollo', '2019-07-07 12:20:44', 'apollo', '2019-07-07 12:20:44'), ('6', 'job-executor', 'common-config', 'properties', b'1', '公用定时任务执行器配置', b'0', 'apollo', '2019-07-07 12:23:31', 'apollo', '2019-07-07 12:23:31'), ('7', 'application', 'skycloud-base-authorizatioin', 'properties', b'0', 'default app namespace', b'0', 'apollo', '2019-07-07 12:27:30', 'apollo', '2019-07-07 12:27:30'), ('8', 'application', 'skycloud-base-gateway', 'properties', b'0', 'default app namespace', b'0', 'apollo', '2019-07-07 12:32:52', 'apollo', '2019-07-07 12:32:52'), ('9', 'application', 'skycloud-service-member', 'properties', b'0', 'default app namespace', b'0', 'apollo', '2019-07-07 12:38:43', 'apollo', '2019-07-07 12:38:43');
COMMIT;

-- ----------------------------
--  Table structure for `authorities`
-- ----------------------------
DROP TABLE IF EXISTS `authorities`;
CREATE TABLE `authorities` (
  `Id` int(11) unsigned NOT NULL AUTO_INCREMENT COMMENT '自增Id',
  `Username` varchar(64) NOT NULL,
  `Authority` varchar(50) NOT NULL,
  PRIMARY KEY (`Id`)
) ENGINE=InnoDB AUTO_INCREMENT=2 DEFAULT CHARSET=utf8mb4;

-- ----------------------------
--  Records of `authorities`
-- ----------------------------
BEGIN;
INSERT INTO `authorities` VALUES ('1', 'apollo', 'ROLE_user');
COMMIT;

-- ----------------------------
--  Table structure for `consumer`
-- ----------------------------
DROP TABLE IF EXISTS `consumer`;
CREATE TABLE `consumer` (
  `Id` int(11) unsigned NOT NULL AUTO_INCREMENT COMMENT '自增Id',
  `AppId` varchar(500) NOT NULL DEFAULT 'default' COMMENT 'AppID',
  `Name` varchar(500) NOT NULL DEFAULT 'default' COMMENT '应用名',
  `OrgId` varchar(32) NOT NULL DEFAULT 'default' COMMENT '部门Id',
  `OrgName` varchar(64) NOT NULL DEFAULT 'default' COMMENT '部门名字',
  `OwnerName` varchar(500) NOT NULL DEFAULT 'default' COMMENT 'ownerName',
  `OwnerEmail` varchar(500) NOT NULL DEFAULT 'default' COMMENT 'ownerEmail',
  `IsDeleted` bit(1) NOT NULL DEFAULT b'0' COMMENT '1: deleted, 0: normal',
  `DataChange_CreatedBy` varchar(32) NOT NULL DEFAULT 'default' COMMENT '创建人邮箱前缀',
  `DataChange_CreatedTime` timestamp NOT NULL DEFAULT CURRENT_TIMESTAMP COMMENT '创建时间',
  `DataChange_LastModifiedBy` varchar(32) DEFAULT '' COMMENT '最后修改人邮箱前缀',
  `DataChange_LastTime` timestamp NULL DEFAULT CURRENT_TIMESTAMP ON UPDATE CURRENT_TIMESTAMP COMMENT '最后修改时间',
  PRIMARY KEY (`Id`),
  KEY `AppId` (`AppId`(191)),
  KEY `DataChange_LastTime` (`DataChange_LastTime`)
) ENGINE=InnoDB DEFAULT CHARSET=utf8mb4 COMMENT='开放API消费者';

-- ----------------------------
--  Table structure for `consumeraudit`
-- ----------------------------
DROP TABLE IF EXISTS `consumeraudit`;
CREATE TABLE `consumeraudit` (
  `Id` int(11) unsigned NOT NULL AUTO_INCREMENT COMMENT '自增Id',
  `ConsumerId` int(11) unsigned DEFAULT NULL COMMENT 'Consumer Id',
  `Uri` varchar(1024) NOT NULL DEFAULT '' COMMENT '访问的Uri',
  `Method` varchar(16) NOT NULL DEFAULT '' COMMENT '访问的Method',
  `DataChange_CreatedTime` timestamp NOT NULL DEFAULT CURRENT_TIMESTAMP COMMENT '创建时间',
  `DataChange_LastTime` timestamp NULL DEFAULT CURRENT_TIMESTAMP ON UPDATE CURRENT_TIMESTAMP COMMENT '最后修改时间',
  PRIMARY KEY (`Id`),
  KEY `IX_DataChange_LastTime` (`DataChange_LastTime`),
  KEY `IX_ConsumerId` (`ConsumerId`)
) ENGINE=InnoDB DEFAULT CHARSET=utf8mb4 COMMENT='consumer审计表';

-- ----------------------------
--  Table structure for `consumerrole`
-- ----------------------------
DROP TABLE IF EXISTS `consumerrole`;
CREATE TABLE `consumerrole` (
  `Id` int(11) unsigned NOT NULL AUTO_INCREMENT COMMENT '自增Id',
  `ConsumerId` int(11) unsigned DEFAULT NULL COMMENT 'Consumer Id',
  `RoleId` int(10) unsigned DEFAULT NULL COMMENT 'Role Id',
  `IsDeleted` bit(1) NOT NULL DEFAULT b'0' COMMENT '1: deleted, 0: normal',
  `DataChange_CreatedBy` varchar(32) DEFAULT '' COMMENT '创建人邮箱前缀',
  `DataChange_CreatedTime` timestamp NOT NULL DEFAULT CURRENT_TIMESTAMP COMMENT '创建时间',
  `DataChange_LastModifiedBy` varchar(32) DEFAULT '' COMMENT '最后修改人邮箱前缀',
  `DataChange_LastTime` timestamp NULL DEFAULT CURRENT_TIMESTAMP ON UPDATE CURRENT_TIMESTAMP COMMENT '最后修改时间',
  PRIMARY KEY (`Id`),
  KEY `IX_DataChange_LastTime` (`DataChange_LastTime`),
  KEY `IX_RoleId` (`RoleId`),
  KEY `IX_ConsumerId_RoleId` (`ConsumerId`,`RoleId`)
) ENGINE=InnoDB DEFAULT CHARSET=utf8mb4 COMMENT='consumer和role的绑定表';

-- ----------------------------
--  Table structure for `consumertoken`
-- ----------------------------
DROP TABLE IF EXISTS `consumertoken`;
CREATE TABLE `consumertoken` (
  `Id` int(11) unsigned NOT NULL AUTO_INCREMENT COMMENT '自增Id',
  `ConsumerId` int(11) unsigned DEFAULT NULL COMMENT 'ConsumerId',
  `Token` varchar(128) NOT NULL DEFAULT '' COMMENT 'token',
  `Expires` datetime NOT NULL DEFAULT '2099-01-01 00:00:00' COMMENT 'token失效时间',
  `IsDeleted` bit(1) NOT NULL DEFAULT b'0' COMMENT '1: deleted, 0: normal',
  `DataChange_CreatedBy` varchar(32) NOT NULL DEFAULT 'default' COMMENT '创建人邮箱前缀',
  `DataChange_CreatedTime` timestamp NOT NULL DEFAULT CURRENT_TIMESTAMP COMMENT '创建时间',
  `DataChange_LastModifiedBy` varchar(32) DEFAULT '' COMMENT '最后修改人邮箱前缀',
  `DataChange_LastTime` timestamp NULL DEFAULT CURRENT_TIMESTAMP ON UPDATE CURRENT_TIMESTAMP COMMENT '最后修改时间',
  PRIMARY KEY (`Id`),
  UNIQUE KEY `IX_Token` (`Token`),
  KEY `DataChange_LastTime` (`DataChange_LastTime`)
) ENGINE=InnoDB DEFAULT CHARSET=utf8mb4 COMMENT='consumer token表';

-- ----------------------------
--  Table structure for `favorite`
-- ----------------------------
DROP TABLE IF EXISTS `favorite`;
CREATE TABLE `favorite` (
  `Id` int(10) unsigned NOT NULL AUTO_INCREMENT COMMENT '主键',
  `UserId` varchar(32) NOT NULL DEFAULT 'default' COMMENT '收藏的用户',
  `AppId` varchar(500) NOT NULL DEFAULT 'default' COMMENT 'AppID',
  `Position` int(32) NOT NULL DEFAULT '10000' COMMENT '收藏顺序',
  `IsDeleted` bit(1) NOT NULL DEFAULT b'0' COMMENT '1: deleted, 0: normal',
  `DataChange_CreatedBy` varchar(32) NOT NULL DEFAULT 'default' COMMENT '创建人邮箱前缀',
  `DataChange_CreatedTime` timestamp NOT NULL DEFAULT CURRENT_TIMESTAMP COMMENT '创建时间',
  `DataChange_LastModifiedBy` varchar(32) DEFAULT '' COMMENT '最后修改人邮箱前缀',
  `DataChange_LastTime` timestamp NULL DEFAULT CURRENT_TIMESTAMP ON UPDATE CURRENT_TIMESTAMP COMMENT '最后修改时间',
  PRIMARY KEY (`Id`),
  KEY `AppId` (`AppId`(191)),
  KEY `IX_UserId` (`UserId`),
  KEY `DataChange_LastTime` (`DataChange_LastTime`)
) ENGINE=InnoDB AUTO_INCREMENT=23 DEFAULT CHARSET=utf8mb4 COMMENT='应用收藏表';

-- ----------------------------
--  Table structure for `permission`
-- ----------------------------
DROP TABLE IF EXISTS `permission`;
CREATE TABLE `permission` (
  `Id` int(11) unsigned NOT NULL AUTO_INCREMENT COMMENT '自增Id',
  `PermissionType` varchar(32) NOT NULL DEFAULT '' COMMENT '权限类型',
  `TargetId` varchar(256) NOT NULL DEFAULT '' COMMENT '权限对象类型',
  `IsDeleted` bit(1) NOT NULL DEFAULT b'0' COMMENT '1: deleted, 0: normal',
  `DataChange_CreatedBy` varchar(32) NOT NULL DEFAULT '' COMMENT '创建人邮箱前缀',
  `DataChange_CreatedTime` timestamp NOT NULL DEFAULT CURRENT_TIMESTAMP COMMENT '创建时间',
  `DataChange_LastModifiedBy` varchar(32) DEFAULT '' COMMENT '最后修改人邮箱前缀',
  `DataChange_LastTime` timestamp NULL DEFAULT CURRENT_TIMESTAMP ON UPDATE CURRENT_TIMESTAMP COMMENT '最后修改时间',
  PRIMARY KEY (`Id`),
  KEY `IX_TargetId_PermissionType` (`TargetId`(191),`PermissionType`),
  KEY `IX_DataChange_LastTime` (`DataChange_LastTime`)
) ENGINE=InnoDB AUTO_INCREMENT=136 DEFAULT CHARSET=utf8mb4 COMMENT='permission表';

-- ----------------------------
--  Records of `permission`
-- ----------------------------
BEGIN;
INSERT INTO `permission` VALUES ('1', 'CreateNamespace', 'skycloud-base-monitor', b'0', 'apollo', '2019-07-07 11:48:58', 'apollo', '2019-07-07 04:03:23'), ('2', 'CreateCluster', 'skycloud-base-monitor', b'0', 'apollo', '2019-07-07 11:48:58', 'apollo', '2019-07-07 04:03:25'), ('3', 'AssignRole', 'skycloud-base-monitor', b'0', 'apollo', '2019-07-07 11:48:58', 'apollo', '2019-07-07 04:03:27'), ('4', 'ModifyNamespace', 'skycloud-base-monitor+application', b'0', 'apollo', '2019-07-07 11:48:58', 'apollo', '2019-07-07 04:03:28'), ('5', 'ReleaseNamespace', 'skycloud-base-monitor+application', b'0', 'apollo', '2019-07-07 11:48:59', 'apollo', '2019-07-07 04:03:30'), ('6', 'ModifyNamespace', 'skycloud-base-monitor+application+DEV', b'0', 'apollo', '2019-07-07 11:48:59', 'apollo', '2019-07-07 04:03:32'), ('7', 'ReleaseNamespace', 'skycloud-base-monitor+application+DEV', b'0', 'apollo', '2019-07-07 11:48:59', 'apollo', '2019-07-07 04:03:37'), ('8', 'AssignRole', 'skycloud-base-turbine', b'0', 'apollo', '2019-07-07 12:07:51', 'apollo', '2019-07-07 12:07:51'), ('9', 'CreateNamespace', 'skycloud-base-turbine', b'0', 'apollo', '2019-07-07 12:07:51', 'apollo', '2019-07-07 12:07:51'), ('10', 'CreateCluster', 'skycloud-base-turbine', b'0', 'apollo', '2019-07-07 12:07:51', 'apollo', '2019-07-07 12:07:51'), ('11', 'ModifyNamespace', 'skycloud-base-turbine+application', b'0', 'apollo', '2019-07-07 12:07:52', 'apollo', '2019-07-07 12:07:52'), ('12', 'ReleaseNamespace', 'skycloud-base-turbine+application', b'0', 'apollo', '2019-07-07 12:07:52', 'apollo', '2019-07-07 12:07:52'), ('13', 'ModifyNamespace', 'skycloud-base-turbine+application+DEV', b'0', 'apollo', '2019-07-07 12:07:52', 'apollo', '2019-07-07 12:07:52'), ('14', 'ReleaseNamespace', 'skycloud-base-turbine+application+DEV', b'0', 'apollo', '2019-07-07 12:07:52', 'apollo', '2019-07-07 12:07:52'), ('15', 'ModifyNamespace', 'skycloud-base-turbine+application+FAT', b'0', 'apollo', '2019-07-07 12:07:52', 'apollo', '2019-07-07 12:07:52'), ('16', 'ReleaseNamespace', 'skycloud-base-turbine+application+FAT', b'0', 'apollo', '2019-07-07 12:07:52', 'apollo', '2019-07-07 12:07:52'), ('17', 'ModifyNamespace', 'skycloud-base-turbine+application+UAT', b'0', 'apollo', '2019-07-07 12:07:52', 'apollo', '2019-07-07 12:07:52'), ('18', 'ReleaseNamespace', 'skycloud-base-turbine+application+UAT', b'0', 'apollo', '2019-07-07 12:07:53', 'apollo', '2019-07-07 12:07:53'), ('19', 'ModifyNamespace', 'skycloud-base-turbine+application+PRO', b'0', 'apollo', '2019-07-07 12:07:53', 'apollo', '2019-07-07 12:07:53'), ('20', 'ReleaseNamespace', 'skycloud-base-turbine+application+PRO', b'0', 'apollo', '2019-07-07 12:07:53', 'apollo', '2019-07-07 12:07:53'), ('21', 'AssignRole', 'skycloud-base-hystrix', b'0', 'apollo', '2019-07-07 12:12:04', 'apollo', '2019-07-07 12:12:04'), ('22', 'CreateNamespace', 'skycloud-base-hystrix', b'0', 'apollo', '2019-07-07 12:12:04', 'apollo', '2019-07-07 12:12:04'), ('23', 'CreateCluster', 'skycloud-base-hystrix', b'0', 'apollo', '2019-07-07 12:12:04', 'apollo', '2019-07-07 12:12:04'), ('24', 'ModifyNamespace', 'skycloud-base-hystrix+application', b'0', 'apollo', '2019-07-07 12:12:04', 'apollo', '2019-07-07 12:12:04'), ('25', 'ReleaseNamespace', 'skycloud-base-hystrix+application', b'0', 'apollo', '2019-07-07 12:12:04', 'apollo', '2019-07-07 12:12:04'), ('26', 'ModifyNamespace', 'skycloud-base-hystrix+application+DEV', b'0', 'apollo', '2019-07-07 12:12:04', 'apollo', '2019-07-07 12:12:04'), ('27', 'ReleaseNamespace', 'skycloud-base-hystrix+application+DEV', b'0', 'apollo', '2019-07-07 12:12:04', 'apollo', '2019-07-07 12:12:04'), ('28', 'ModifyNamespace', 'skycloud-base-hystrix+application+FAT', b'0', 'apollo', '2019-07-07 12:12:04', 'apollo', '2019-07-07 12:12:04'), ('29', 'ReleaseNamespace', 'skycloud-base-hystrix+application+FAT', b'0', 'apollo', '2019-07-07 12:12:05', 'apollo', '2019-07-07 12:12:05'), ('30', 'ModifyNamespace', 'skycloud-base-hystrix+application+UAT', b'0', 'apollo', '2019-07-07 12:12:05', 'apollo', '2019-07-07 12:12:05'), ('31', 'ReleaseNamespace', 'skycloud-base-hystrix+application+UAT', b'0', 'apollo', '2019-07-07 12:12:05', 'apollo', '2019-07-07 12:12:05'), ('32', 'ModifyNamespace', 'skycloud-base-hystrix+application+PRO', b'0', 'apollo', '2019-07-07 12:12:05', 'apollo', '2019-07-07 12:12:05'), ('33', 'ReleaseNamespace', 'skycloud-base-hystrix+application+PRO', b'0', 'apollo', '2019-07-07 12:12:05', 'apollo', '2019-07-07 12:12:05'), ('34', 'CreateCluster', 'common-config', b'0', 'apollo', '2019-07-07 12:18:41', 'apollo', '2019-07-07 12:18:41'), ('35', 'AssignRole', 'common-config', b'0', 'apollo', '2019-07-07 12:18:41', 'apollo', '2019-07-07 12:18:41'), ('36', 'CreateNamespace', 'common-config', b'0', 'apollo', '2019-07-07 12:18:41', 'apollo', '2019-07-07 12:18:41'), ('37', 'ModifyNamespace', 'common-config+application', b'0', 'apollo', '2019-07-07 12:18:41', 'apollo', '2019-07-07 12:18:41'), ('38', 'ReleaseNamespace', 'common-config+application', b'0', 'apollo', '2019-07-07 12:18:41', 'apollo', '2019-07-07 12:18:41'), ('39', 'ModifyNamespace', 'common-config+application+DEV', b'0', 'apollo', '2019-07-07 12:18:42', 'apollo', '2019-07-07 12:18:42'), ('40', 'ReleaseNamespace', 'common-config+application+DEV', b'0', 'apollo', '2019-07-07 12:18:42', 'apollo', '2019-07-07 12:18:42'), ('41', 'ModifyNamespace', 'common-config+application+FAT', b'0', 'apollo', '2019-07-07 12:18:42', 'apollo', '2019-07-07 12:18:42'), ('42', 'ReleaseNamespace', 'common-config+application+FAT', b'0', 'apollo', '2019-07-07 12:18:42', 'apollo', '2019-07-07 12:18:42'), ('43', 'ModifyNamespace', 'common-config+application+UAT', b'0', 'apollo', '2019-07-07 12:18:42', 'apollo', '2019-07-07 12:18:42'), ('44', 'ReleaseNamespace', 'common-config+application+UAT', b'0', 'apollo', '2019-07-07 12:18:42', 'apollo', '2019-07-07 12:18:42'), ('45', 'ModifyNamespace', 'common-config+application+PRO', b'0', 'apollo', '2019-07-07 12:18:42', 'apollo', '2019-07-07 12:18:42'), ('46', 'ReleaseNamespace', 'common-config+application+PRO', b'0', 'apollo', '2019-07-07 12:18:42', 'apollo', '2019-07-07 12:18:42'), ('47', 'ModifyNamespace', 'common-config+redis', b'0', 'apollo', '2019-07-07 12:20:44', 'apollo', '2019-07-07 12:20:44'), ('48', 'ReleaseNamespace', 'common-config+redis', b'0', 'apollo', '2019-07-07 12:20:44', 'apollo', '2019-07-07 12:20:44'), ('49', 'ModifyNamespace', 'common-config+redis+DEV', b'0', 'apollo', '2019-07-07 12:20:44', 'apollo', '2019-07-07 12:20:44'), ('50', 'ReleaseNamespace', 'common-config+redis+DEV', b'0', 'apollo', '2019-07-07 12:20:44', 'apollo', '2019-07-07 12:20:44'), ('51', 'ModifyNamespace', 'common-config+redis+FAT', b'0', 'apollo', '2019-07-07 12:20:44', 'apollo', '2019-07-07 12:20:44'), ('52', 'ReleaseNamespace', 'common-config+redis+FAT', b'0', 'apollo', '2019-07-07 12:20:44', 'apollo', '2019-07-07 12:20:44'), ('53', 'ModifyNamespace', 'common-config+redis+UAT', b'0', 'apollo', '2019-07-07 12:20:44', 'apollo', '2019-07-07 12:20:44'), ('54', 'ReleaseNamespace', 'common-config+redis+UAT', b'0', 'apollo', '2019-07-07 12:20:45', 'apollo', '2019-07-07 12:20:45'), ('55', 'ModifyNamespace', 'common-config+redis+PRO', b'0', 'apollo', '2019-07-07 12:20:45', 'apollo', '2019-07-07 12:20:45'), ('56', 'ReleaseNamespace', 'common-config+redis+PRO', b'0', 'apollo', '2019-07-07 12:20:45', 'apollo', '2019-07-07 12:20:45'), ('57', 'ModifyNamespace', 'common-config+job-executor', b'0', 'apollo', '2019-07-07 12:23:31', 'apollo', '2019-07-07 12:23:31'), ('58', 'ReleaseNamespace', 'common-config+job-executor', b'0', 'apollo', '2019-07-07 12:23:32', 'apollo', '2019-07-07 12:23:32'), ('59', 'ModifyNamespace', 'common-config+job-executor+DEV', b'0', 'apollo', '2019-07-07 12:23:32', 'apollo', '2019-07-07 12:23:32'), ('60', 'ReleaseNamespace', 'common-config+job-executor+DEV', b'0', 'apollo', '2019-07-07 12:23:32', 'apollo', '2019-07-07 12:23:32'), ('61', 'ModifyNamespace', 'common-config+job-executor+FAT', b'0', 'apollo', '2019-07-07 12:23:32', 'apollo', '2019-07-07 12:23:32'), ('62', 'ReleaseNamespace', 'common-config+job-executor+FAT', b'0', 'apollo', '2019-07-07 12:23:32', 'apollo', '2019-07-07 12:23:32'), ('63', 'ModifyNamespace', 'common-config+job-executor+UAT', b'0', 'apollo', '2019-07-07 12:23:32', 'apollo', '2019-07-07 12:23:32'), ('64', 'ReleaseNamespace', 'common-config+job-executor+UAT', b'0', 'apollo', '2019-07-07 12:23:32', 'apollo', '2019-07-07 12:23:32'), ('65', 'ModifyNamespace', 'common-config+job-executor+PRO', b'0', 'apollo', '2019-07-07 12:23:33', 'apollo', '2019-07-07 12:23:33'), ('66', 'ReleaseNamespace', 'common-config+job-executor+PRO', b'0', 'apollo', '2019-07-07 12:23:33', 'apollo', '2019-07-07 12:23:33'), ('67', 'CreateCluster', 'skycloud-base-authorizatioin', b'0', 'apollo', '2019-07-07 12:27:30', 'apollo', '2019-07-07 12:27:30'), ('68', 'AssignRole', 'skycloud-base-authorizatioin', b'0', 'apollo', '2019-07-07 12:27:30', 'apollo', '2019-07-07 12:27:30'), ('69', 'CreateNamespace', 'skycloud-base-authorizatioin', b'0', 'apollo', '2019-07-07 12:27:30', 'apollo', '2019-07-07 12:27:30'), ('70', 'ModifyNamespace', 'skycloud-base-authorizatioin+application', b'0', 'apollo', '2019-07-07 12:27:31', 'apollo', '2019-07-07 12:27:31'), ('71', 'ReleaseNamespace', 'skycloud-base-authorizatioin+application', b'0', 'apollo', '2019-07-07 12:27:31', 'apollo', '2019-07-07 12:27:31'), ('72', 'ModifyNamespace', 'skycloud-base-authorizatioin+application+DEV', b'0', 'apollo', '2019-07-07 12:27:31', 'apollo', '2019-07-07 12:27:31'), ('73', 'ReleaseNamespace', 'skycloud-base-authorizatioin+application+DEV', b'0', 'apollo', '2019-07-07 12:27:31', 'apollo', '2019-07-07 12:27:31'), ('74', 'ModifyNamespace', 'skycloud-base-authorizatioin+application+FAT', b'0', 'apollo', '2019-07-07 12:27:31', 'apollo', '2019-07-07 12:27:31'), ('75', 'ReleaseNamespace', 'skycloud-base-authorizatioin+application+FAT', b'0', 'apollo', '2019-07-07 12:27:31', 'apollo', '2019-07-07 12:27:31'), ('76', 'ModifyNamespace', 'skycloud-base-authorizatioin+application+UAT', b'0', 'apollo', '2019-07-07 12:27:31', 'apollo', '2019-07-07 12:27:31'), ('77', 'ReleaseNamespace', 'skycloud-base-authorizatioin+application+UAT', b'0', 'apollo', '2019-07-07 12:27:31', 'apollo', '2019-07-07 12:27:31'), ('78', 'ModifyNamespace', 'skycloud-base-authorizatioin+application+PRO', b'0', 'apollo', '2019-07-07 12:27:32', 'apollo', '2019-07-07 12:27:32'), ('79', 'ReleaseNamespace', 'skycloud-base-authorizatioin+application+PRO', b'0', 'apollo', '2019-07-07 12:27:32', 'apollo', '2019-07-07 12:27:32'), ('80', 'CreateCluster', 'skycloud-base-gateway', b'0', 'apollo', '2019-07-07 12:32:52', 'apollo', '2019-07-07 12:32:52'), ('81', 'CreateNamespace', 'skycloud-base-gateway', b'0', 'apollo', '2019-07-07 12:32:52', 'apollo', '2019-07-07 12:32:52'), ('82', 'AssignRole', 'skycloud-base-gateway', b'0', 'apollo', '2019-07-07 12:32:52', 'apollo', '2019-07-07 12:32:52'), ('83', 'ModifyNamespace', 'skycloud-base-gateway+application', b'0', 'apollo', '2019-07-07 12:32:52', 'apollo', '2019-07-07 12:32:52'), ('84', 'ReleaseNamespace', 'skycloud-base-gateway+application', b'0', 'apollo', '2019-07-07 12:32:52', 'apollo', '2019-07-07 12:32:52'), ('85', 'ModifyNamespace', 'skycloud-base-gateway+application+DEV', b'0', 'apollo', '2019-07-07 12:32:52', 'apollo', '2019-07-07 12:32:52'), ('86', 'ReleaseNamespace', 'skycloud-base-gateway+application+DEV', b'0', 'apollo', '2019-07-07 12:32:52', 'apollo', '2019-07-07 12:32:52'), ('87', 'ModifyNamespace', 'skycloud-base-gateway+application+FAT', b'0', 'apollo', '2019-07-07 12:32:53', 'apollo', '2019-07-07 12:32:53'), ('88', 'ReleaseNamespace', 'skycloud-base-gateway+application+FAT', b'0', 'apollo', '2019-07-07 12:32:53', 'apollo', '2019-07-07 12:32:53'), ('89', 'ModifyNamespace', 'skycloud-base-gateway+application+UAT', b'0', 'apollo', '2019-07-07 12:32:53', 'apollo', '2019-07-07 12:32:53'), ('90', 'ReleaseNamespace', 'skycloud-base-gateway+application+UAT', b'0', 'apollo', '2019-07-07 12:32:53', 'apollo', '2019-07-07 12:32:53'), ('91', 'ModifyNamespace', 'skycloud-base-gateway+application+PRO', b'0', 'apollo', '2019-07-07 12:32:53', 'apollo', '2019-07-07 12:32:53'), ('92', 'ReleaseNamespace', 'skycloud-base-gateway+application+PRO', b'0', 'apollo', '2019-07-07 12:32:53', 'apollo', '2019-07-07 12:32:53'), ('93', 'ModifyNamespace', 'skycloud-base-gateway+redis', b'0', 'apollo', '2019-07-07 12:36:45', 'apollo', '2019-07-07 12:36:45'), ('94', 'ReleaseNamespace', 'skycloud-base-gateway+redis', b'0', 'apollo', '2019-07-07 12:36:45', 'apollo', '2019-07-07 12:36:45'), ('95', 'ModifyNamespace', 'skycloud-base-gateway+redis+DEV', b'0', 'apollo', '2019-07-07 12:36:45', 'apollo', '2019-07-07 12:36:45'), ('96', 'ReleaseNamespace', 'skycloud-base-gateway+redis+DEV', b'0', 'apollo', '2019-07-07 12:36:45', 'apollo', '2019-07-07 12:36:45'), ('97', 'ModifyNamespace', 'skycloud-base-gateway+redis+FAT', b'0', 'apollo', '2019-07-07 12:36:45', 'apollo', '2019-07-07 12:36:45'), ('98', 'ReleaseNamespace', 'skycloud-base-gateway+redis+FAT', b'0', 'apollo', '2019-07-07 12:36:45', 'apollo', '2019-07-07 12:36:45'), ('99', 'ModifyNamespace', 'skycloud-base-gateway+redis+UAT', b'0', 'apollo', '2019-07-07 12:36:46', 'apollo', '2019-07-07 12:36:46'), ('100', 'ReleaseNamespace', 'skycloud-base-gateway+redis+UAT', b'0', 'apollo', '2019-07-07 12:36:46', 'apollo', '2019-07-07 12:36:46'), ('101', 'ModifyNamespace', 'skycloud-base-gateway+redis+PRO', b'0', 'apollo', '2019-07-07 12:36:46', 'apollo', '2019-07-07 12:36:46'), ('102', 'ReleaseNamespace', 'skycloud-base-gateway+redis+PRO', b'0', 'apollo', '2019-07-07 12:36:46', 'apollo', '2019-07-07 12:36:46'), ('103', 'AssignRole', 'skycloud-service-member', b'0', 'apollo', '2019-07-07 12:38:43', 'apollo', '2019-07-07 12:38:43'), ('104', 'CreateNamespace', 'skycloud-service-member', b'0', 'apollo', '2019-07-07 12:38:43', 'apollo', '2019-07-07 12:38:43'), ('105', 'CreateCluster', 'skycloud-service-member', b'0', 'apollo', '2019-07-07 12:38:43', 'apollo', '2019-07-07 12:38:43'), ('106', 'ModifyNamespace', 'skycloud-service-member+application', b'0', 'apollo', '2019-07-07 12:38:43', 'apollo', '2019-07-07 12:38:43'), ('107', 'ReleaseNamespace', 'skycloud-service-member+application', b'0', 'apollo', '2019-07-07 12:38:43', 'apollo', '2019-07-07 12:38:43'), ('108', 'ModifyNamespace', 'skycloud-service-member+application+DEV', b'0', 'apollo', '2019-07-07 12:38:43', 'apollo', '2019-07-07 12:38:43'), ('109', 'ReleaseNamespace', 'skycloud-service-member+application+DEV', b'0', 'apollo', '2019-07-07 12:38:43', 'apollo', '2019-07-07 12:38:43'), ('110', 'ModifyNamespace', 'skycloud-service-member+application+FAT', b'0', 'apollo', '2019-07-07 12:38:43', 'apollo', '2019-07-07 12:38:43'), ('111', 'ReleaseNamespace', 'skycloud-service-member+application+FAT', b'0', 'apollo', '2019-07-07 12:38:44', 'apollo', '2019-07-07 12:38:44'), ('112', 'ModifyNamespace', 'skycloud-service-member+application+UAT', b'0', 'apollo', '2019-07-07 12:38:44', 'apollo', '2019-07-07 12:38:44'), ('113', 'ReleaseNamespace', 'skycloud-service-member+application+UAT', b'0', 'apollo', '2019-07-07 12:38:44', 'apollo', '2019-07-07 12:38:44'), ('114', 'ModifyNamespace', 'skycloud-service-member+application+PRO', b'0', 'apollo', '2019-07-07 12:38:44', 'apollo', '2019-07-07 12:38:44'), ('115', 'ReleaseNamespace', 'skycloud-service-member+application+PRO', b'0', 'apollo', '2019-07-07 12:38:44', 'apollo', '2019-07-07 12:38:44'), ('116', 'ModifyNamespace', 'skycloud-service-member+redis', b'0', 'apollo', '2019-07-07 12:43:31', 'apollo', '2019-07-07 12:43:31'), ('117', 'ReleaseNamespace', 'skycloud-service-member+redis', b'0', 'apollo', '2019-07-07 12:43:31', 'apollo', '2019-07-07 12:43:31'), ('118', 'ModifyNamespace', 'skycloud-service-member+redis+DEV', b'0', 'apollo', '2019-07-07 12:43:32', 'apollo', '2019-07-07 12:43:32'), ('119', 'ReleaseNamespace', 'skycloud-service-member+redis+DEV', b'0', 'apollo', '2019-07-07 12:43:32', 'apollo', '2019-07-07 12:43:32'), ('120', 'ModifyNamespace', 'skycloud-service-member+redis+FAT', b'0', 'apollo', '2019-07-07 12:43:32', 'apollo', '2019-07-07 12:43:32'), ('121', 'ReleaseNamespace', 'skycloud-service-member+redis+FAT', b'0', 'apollo', '2019-07-07 12:43:32', 'apollo', '2019-07-07 12:43:32'), ('122', 'ModifyNamespace', 'skycloud-service-member+redis+UAT', b'0', 'apollo', '2019-07-07 12:43:32', 'apollo', '2019-07-07 12:43:32'), ('123', 'ReleaseNamespace', 'skycloud-service-member+redis+UAT', b'0', 'apollo', '2019-07-07 12:43:32', 'apollo', '2019-07-07 12:43:32'), ('124', 'ModifyNamespace', 'skycloud-service-member+redis+PRO', b'0', 'apollo', '2019-07-07 12:43:32', 'apollo', '2019-07-07 12:43:32'), ('125', 'ReleaseNamespace', 'skycloud-service-member+redis+PRO', b'0', 'apollo', '2019-07-07 12:43:33', 'apollo', '2019-07-07 12:43:33'), ('126', 'ModifyNamespace', 'skycloud-service-member+job-executor', b'0', 'apollo', '2019-07-07 12:45:38', 'apollo', '2019-07-07 12:45:38'), ('127', 'ReleaseNamespace', 'skycloud-service-member+job-executor', b'0', 'apollo', '2019-07-07 12:45:39', 'apollo', '2019-07-07 12:45:39'), ('128', 'ModifyNamespace', 'skycloud-service-member+job-executor+DEV', b'0', 'apollo', '2019-07-07 12:45:39', 'apollo', '2019-07-07 12:45:39'), ('129', 'ReleaseNamespace', 'skycloud-service-member+job-executor+DEV', b'0', 'apollo', '2019-07-07 12:45:39', 'apollo', '2019-07-07 12:45:39'), ('130', 'ModifyNamespace', 'skycloud-service-member+job-executor+FAT', b'0', 'apollo', '2019-07-07 12:45:39', 'apollo', '2019-07-07 12:45:39'), ('131', 'ReleaseNamespace', 'skycloud-service-member+job-executor+FAT', b'0', 'apollo', '2019-07-07 12:45:39', 'apollo', '2019-07-07 12:45:39'), ('132', 'ModifyNamespace', 'skycloud-service-member+job-executor+UAT', b'0', 'apollo', '2019-07-07 12:45:39', 'apollo', '2019-07-07 12:45:39'), ('133', 'ReleaseNamespace', 'skycloud-service-member+job-executor+UAT', b'0', 'apollo', '2019-07-07 12:45:39', 'apollo', '2019-07-07 12:45:39'), ('134', 'ModifyNamespace', 'skycloud-service-member+job-executor+PRO', b'0', 'apollo', '2019-07-07 12:45:39', 'apollo', '2019-07-07 12:45:39'), ('135', 'ReleaseNamespace', 'skycloud-service-member+job-executor+PRO', b'0', 'apollo', '2019-07-07 12:45:40', 'apollo', '2019-07-07 12:45:40');
COMMIT;

-- ----------------------------
--  Table structure for `role`
-- ----------------------------
DROP TABLE IF EXISTS `role`;
CREATE TABLE `role` (
  `Id` int(11) unsigned NOT NULL AUTO_INCREMENT COMMENT '自增Id',
  `RoleName` varchar(256) NOT NULL DEFAULT '' COMMENT 'Role name',
  `IsDeleted` bit(1) NOT NULL DEFAULT b'0' COMMENT '1: deleted, 0: normal',
  `DataChange_CreatedBy` varchar(32) NOT NULL DEFAULT 'default' COMMENT '创建人邮箱前缀',
  `DataChange_CreatedTime` timestamp NOT NULL DEFAULT CURRENT_TIMESTAMP COMMENT '创建时间',
  `DataChange_LastModifiedBy` varchar(32) DEFAULT '' COMMENT '最后修改人邮箱前缀',
  `DataChange_LastTime` timestamp NULL DEFAULT CURRENT_TIMESTAMP ON UPDATE CURRENT_TIMESTAMP COMMENT '最后修改时间',
  PRIMARY KEY (`Id`),
  KEY `IX_RoleName` (`RoleName`(191)),
  KEY `IX_DataChange_LastTime` (`DataChange_LastTime`)
) ENGINE=InnoDB AUTO_INCREMENT=122 DEFAULT CHARSET=utf8mb4 COMMENT='角色表';

-- ----------------------------
--  Records of `role`
-- ----------------------------
BEGIN;
INSERT INTO `role` VALUES ('1', 'Master+ skycloud-base-monitor', b'0', 'apollo', '2019-07-07 11:48:58', 'apollo', '2019-07-07 04:06:29'), ('2', 'ModifyNamespace+ skycloud-base-monitor+application', b'0', 'apollo', '2019-07-07 11:48:59', 'apollo', '2019-07-07 04:06:30'), ('3', 'ReleaseNamespace+ skycloud-base-monitor+application', b'0', 'apollo', '2019-07-07 11:48:59', 'apollo', '2019-07-07 04:06:32'), ('4', 'ModifyNamespace+ skycloud-base-monitor+application+DEV', b'0', 'apollo', '2019-07-07 11:48:59', 'apollo', '2019-07-07 04:06:34'), ('5', 'ReleaseNamespace+ skycloud-base-monitor+application+DEV', b'0', 'apollo', '2019-07-07 11:48:59', 'apollo', '2019-07-07 04:06:40'), ('6', 'Master+skycloud-base-turbine', b'0', 'apollo', '2019-07-07 12:07:51', 'apollo', '2019-07-07 12:07:51'), ('7', 'ModifyNamespace+skycloud-base-turbine+application', b'0', 'apollo', '2019-07-07 12:07:52', 'apollo', '2019-07-07 12:07:52'), ('8', 'ReleaseNamespace+skycloud-base-turbine+application', b'0', 'apollo', '2019-07-07 12:07:52', 'apollo', '2019-07-07 12:07:52'), ('9', 'ModifyNamespace+skycloud-base-turbine+application+DEV', b'0', 'apollo', '2019-07-07 12:07:52', 'apollo', '2019-07-07 12:07:52'), ('10', 'ReleaseNamespace+skycloud-base-turbine+application+DEV', b'0', 'apollo', '2019-07-07 12:07:52', 'apollo', '2019-07-07 12:07:52'), ('11', 'ModifyNamespace+skycloud-base-turbine+application+FAT', b'0', 'apollo', '2019-07-07 12:07:52', 'apollo', '2019-07-07 12:07:52'), ('12', 'ReleaseNamespace+skycloud-base-turbine+application+FAT', b'0', 'apollo', '2019-07-07 12:07:52', 'apollo', '2019-07-07 12:07:52'), ('13', 'ModifyNamespace+skycloud-base-turbine+application+UAT', b'0', 'apollo', '2019-07-07 12:07:53', 'apollo', '2019-07-07 12:07:53'), ('14', 'ReleaseNamespace+skycloud-base-turbine+application+UAT', b'0', 'apollo', '2019-07-07 12:07:53', 'apollo', '2019-07-07 12:07:53'), ('15', 'ModifyNamespace+skycloud-base-turbine+application+PRO', b'0', 'apollo', '2019-07-07 12:07:53', 'apollo', '2019-07-07 12:07:53'), ('16', 'ReleaseNamespace+skycloud-base-turbine+application+PRO', b'0', 'apollo', '2019-07-07 12:07:53', 'apollo', '2019-07-07 12:07:53'), ('17', 'Master+skycloud-base-hystrix', b'0', 'apollo', '2019-07-07 12:12:04', 'apollo', '2019-07-07 12:12:04'), ('18', 'ModifyNamespace+skycloud-base-hystrix+application', b'0', 'apollo', '2019-07-07 12:12:04', 'apollo', '2019-07-07 12:12:04'), ('19', 'ReleaseNamespace+skycloud-base-hystrix+application', b'0', 'apollo', '2019-07-07 12:12:04', 'apollo', '2019-07-07 12:12:04'), ('20', 'ModifyNamespace+skycloud-base-hystrix+application+DEV', b'0', 'apollo', '2019-07-07 12:12:04', 'apollo', '2019-07-07 12:12:04'), ('21', 'ReleaseNamespace+skycloud-base-hystrix+application+DEV', b'0', 'apollo', '2019-07-07 12:12:04', 'apollo', '2019-07-07 12:12:04'), ('22', 'ModifyNamespace+skycloud-base-hystrix+application+FAT', b'0', 'apollo', '2019-07-07 12:12:04', 'apollo', '2019-07-07 12:12:04'), ('23', 'ReleaseNamespace+skycloud-base-hystrix+application+FAT', b'0', 'apollo', '2019-07-07 12:12:05', 'apollo', '2019-07-07 12:12:05'), ('24', 'ModifyNamespace+skycloud-base-hystrix+application+UAT', b'0', 'apollo', '2019-07-07 12:12:05', 'apollo', '2019-07-07 12:12:05'), ('25', 'ReleaseNamespace+skycloud-base-hystrix+application+UAT', b'0', 'apollo', '2019-07-07 12:12:05', 'apollo', '2019-07-07 12:12:05'), ('26', 'ModifyNamespace+skycloud-base-hystrix+application+PRO', b'0', 'apollo', '2019-07-07 12:12:05', 'apollo', '2019-07-07 12:12:05'), ('27', 'ReleaseNamespace+skycloud-base-hystrix+application+PRO', b'0', 'apollo', '2019-07-07 12:12:05', 'apollo', '2019-07-07 12:12:05'), ('28', 'Master+common-config', b'0', 'apollo', '2019-07-07 12:18:41', 'apollo', '2019-07-07 12:18:41'), ('29', 'ModifyNamespace+common-config+application', b'0', 'apollo', '2019-07-07 12:18:41', 'apollo', '2019-07-07 12:18:41'), ('30', 'ReleaseNamespace+common-config+application', b'0', 'apollo', '2019-07-07 12:18:41', 'apollo', '2019-07-07 12:18:41'), ('31', 'ModifyNamespace+common-config+application+DEV', b'0', 'apollo', '2019-07-07 12:18:42', 'apollo', '2019-07-07 12:18:42'), ('32', 'ReleaseNamespace+common-config+application+DEV', b'0', 'apollo', '2019-07-07 12:18:42', 'apollo', '2019-07-07 12:18:42'), ('33', 'ModifyNamespace+common-config+application+FAT', b'0', 'apollo', '2019-07-07 12:18:42', 'apollo', '2019-07-07 12:18:42'), ('34', 'ReleaseNamespace+common-config+application+FAT', b'0', 'apollo', '2019-07-07 12:18:42', 'apollo', '2019-07-07 12:18:42'), ('35', 'ModifyNamespace+common-config+application+UAT', b'0', 'apollo', '2019-07-07 12:18:42', 'apollo', '2019-07-07 12:18:42'), ('36', 'ReleaseNamespace+common-config+application+UAT', b'0', 'apollo', '2019-07-07 12:18:42', 'apollo', '2019-07-07 12:18:42'), ('37', 'ModifyNamespace+common-config+application+PRO', b'0', 'apollo', '2019-07-07 12:18:42', 'apollo', '2019-07-07 12:18:42'), ('38', 'ReleaseNamespace+common-config+application+PRO', b'0', 'apollo', '2019-07-07 12:18:42', 'apollo', '2019-07-07 12:18:42'), ('39', 'ModifyNamespace+common-config+redis', b'0', 'apollo', '2019-07-07 12:20:44', 'apollo', '2019-07-07 12:20:44'), ('40', 'ReleaseNamespace+common-config+redis', b'0', 'apollo', '2019-07-07 12:20:44', 'apollo', '2019-07-07 12:20:44'), ('41', 'ModifyNamespace+common-config+redis+DEV', b'0', 'apollo', '2019-07-07 12:20:44', 'apollo', '2019-07-07 12:20:44'), ('42', 'ReleaseNamespace+common-config+redis+DEV', b'0', 'apollo', '2019-07-07 12:20:44', 'apollo', '2019-07-07 12:20:44'), ('43', 'ModifyNamespace+common-config+redis+FAT', b'0', 'apollo', '2019-07-07 12:20:44', 'apollo', '2019-07-07 12:20:44'), ('44', 'ReleaseNamespace+common-config+redis+FAT', b'0', 'apollo', '2019-07-07 12:20:44', 'apollo', '2019-07-07 12:20:44'), ('45', 'ModifyNamespace+common-config+redis+UAT', b'0', 'apollo', '2019-07-07 12:20:44', 'apollo', '2019-07-07 12:20:44'), ('46', 'ReleaseNamespace+common-config+redis+UAT', b'0', 'apollo', '2019-07-07 12:20:45', 'apollo', '2019-07-07 12:20:45'), ('47', 'ModifyNamespace+common-config+redis+PRO', b'0', 'apollo', '2019-07-07 12:20:45', 'apollo', '2019-07-07 12:20:45'), ('48', 'ReleaseNamespace+common-config+redis+PRO', b'0', 'apollo', '2019-07-07 12:20:45', 'apollo', '2019-07-07 12:20:45'), ('49', 'ModifyNamespace+common-config+job-executor', b'0', 'apollo', '2019-07-07 12:23:31', 'apollo', '2019-07-07 12:23:31'), ('50', 'ReleaseNamespace+common-config+job-executor', b'0', 'apollo', '2019-07-07 12:23:32', 'apollo', '2019-07-07 12:23:32'), ('51', 'ModifyNamespace+common-config+job-executor+DEV', b'0', 'apollo', '2019-07-07 12:23:32', 'apollo', '2019-07-07 12:23:32'), ('52', 'ReleaseNamespace+common-config+job-executor+DEV', b'0', 'apollo', '2019-07-07 12:23:32', 'apollo', '2019-07-07 12:23:32'), ('53', 'ModifyNamespace+common-config+job-executor+FAT', b'0', 'apollo', '2019-07-07 12:23:32', 'apollo', '2019-07-07 12:23:32'), ('54', 'ReleaseNamespace+common-config+job-executor+FAT', b'0', 'apollo', '2019-07-07 12:23:32', 'apollo', '2019-07-07 12:23:32'), ('55', 'ModifyNamespace+common-config+job-executor+UAT', b'0', 'apollo', '2019-07-07 12:23:32', 'apollo', '2019-07-07 12:23:32'), ('56', 'ReleaseNamespace+common-config+job-executor+UAT', b'0', 'apollo', '2019-07-07 12:23:32', 'apollo', '2019-07-07 12:23:32'), ('57', 'ModifyNamespace+common-config+job-executor+PRO', b'0', 'apollo', '2019-07-07 12:23:33', 'apollo', '2019-07-07 12:23:33'), ('58', 'ReleaseNamespace+common-config+job-executor+PRO', b'0', 'apollo', '2019-07-07 12:23:33', 'apollo', '2019-07-07 12:23:33'), ('59', 'Master+skycloud-base-authorizatioin', b'0', 'apollo', '2019-07-07 12:27:30', 'apollo', '2019-07-07 12:27:30'), ('60', 'ModifyNamespace+skycloud-base-authorizatioin+application', b'0', 'apollo', '2019-07-07 12:27:31', 'apollo', '2019-07-07 12:27:31'), ('61', 'ReleaseNamespace+skycloud-base-authorizatioin+application', b'0', 'apollo', '2019-07-07 12:27:31', 'apollo', '2019-07-07 12:27:31'), ('62', 'ModifyNamespace+skycloud-base-authorizatioin+application+DEV', b'0', 'apollo', '2019-07-07 12:27:31', 'apollo', '2019-07-07 12:27:31'), ('63', 'ReleaseNamespace+skycloud-base-authorizatioin+application+DEV', b'0', 'apollo', '2019-07-07 12:27:31', 'apollo', '2019-07-07 12:27:31'), ('64', 'ModifyNamespace+skycloud-base-authorizatioin+application+FAT', b'0', 'apollo', '2019-07-07 12:27:31', 'apollo', '2019-07-07 12:27:31'), ('65', 'ReleaseNamespace+skycloud-base-authorizatioin+application+FAT', b'0', 'apollo', '2019-07-07 12:27:31', 'apollo', '2019-07-07 12:27:31'), ('66', 'ModifyNamespace+skycloud-base-authorizatioin+application+UAT', b'0', 'apollo', '2019-07-07 12:27:31', 'apollo', '2019-07-07 12:27:31'), ('67', 'ReleaseNamespace+skycloud-base-authorizatioin+application+UAT', b'0', 'apollo', '2019-07-07 12:27:32', 'apollo', '2019-07-07 12:27:32'), ('68', 'ModifyNamespace+skycloud-base-authorizatioin+application+PRO', b'0', 'apollo', '2019-07-07 12:27:32', 'apollo', '2019-07-07 12:27:32'), ('69', 'ReleaseNamespace+skycloud-base-authorizatioin+application+PRO', b'0', 'apollo', '2019-07-07 12:27:32', 'apollo', '2019-07-07 12:27:32'), ('70', 'Master+skycloud-base-gateway', b'0', 'apollo', '2019-07-07 12:32:52', 'apollo', '2019-07-07 12:32:52'), ('71', 'ModifyNamespace+skycloud-base-gateway+application', b'0', 'apollo', '2019-07-07 12:32:52', 'apollo', '2019-07-07 12:32:52'), ('72', 'ReleaseNamespace+skycloud-base-gateway+application', b'0', 'apollo', '2019-07-07 12:32:52', 'apollo', '2019-07-07 12:32:52'), ('73', 'ModifyNamespace+skycloud-base-gateway+application+DEV', b'0', 'apollo', '2019-07-07 12:32:52', 'apollo', '2019-07-07 12:32:52'), ('74', 'ReleaseNamespace+skycloud-base-gateway+application+DEV', b'0', 'apollo', '2019-07-07 12:32:53', 'apollo', '2019-07-07 12:32:53'), ('75', 'ModifyNamespace+skycloud-base-gateway+application+FAT', b'0', 'apollo', '2019-07-07 12:32:53', 'apollo', '2019-07-07 12:32:53'), ('76', 'ReleaseNamespace+skycloud-base-gateway+application+FAT', b'0', 'apollo', '2019-07-07 12:32:53', 'apollo', '2019-07-07 12:32:53'), ('77', 'ModifyNamespace+skycloud-base-gateway+application+UAT', b'0', 'apollo', '2019-07-07 12:32:53', 'apollo', '2019-07-07 12:32:53'), ('78', 'ReleaseNamespace+skycloud-base-gateway+application+UAT', b'0', 'apollo', '2019-07-07 12:32:53', 'apollo', '2019-07-07 12:32:53'), ('79', 'ModifyNamespace+skycloud-base-gateway+application+PRO', b'0', 'apollo', '2019-07-07 12:32:53', 'apollo', '2019-07-07 12:32:53'), ('80', 'ReleaseNamespace+skycloud-base-gateway+application+PRO', b'0', 'apollo', '2019-07-07 12:32:53', 'apollo', '2019-07-07 12:32:53'), ('81', 'ModifyNamespace+skycloud-base-gateway+redis', b'0', 'apollo', '2019-07-07 12:36:45', 'apollo', '2019-07-07 12:36:45'), ('82', 'ReleaseNamespace+skycloud-base-gateway+redis', b'0', 'apollo', '2019-07-07 12:36:45', 'apollo', '2019-07-07 12:36:45'), ('83', 'ModifyNamespace+skycloud-base-gateway+redis+DEV', b'0', 'apollo', '2019-07-07 12:36:45', 'apollo', '2019-07-07 12:36:45'), ('84', 'ReleaseNamespace+skycloud-base-gateway+redis+DEV', b'0', 'apollo', '2019-07-07 12:36:45', 'apollo', '2019-07-07 12:36:45'), ('85', 'ModifyNamespace+skycloud-base-gateway+redis+FAT', b'0', 'apollo', '2019-07-07 12:36:45', 'apollo', '2019-07-07 12:36:45'), ('86', 'ReleaseNamespace+skycloud-base-gateway+redis+FAT', b'0', 'apollo', '2019-07-07 12:36:45', 'apollo', '2019-07-07 12:36:45'), ('87', 'ModifyNamespace+skycloud-base-gateway+redis+UAT', b'0', 'apollo', '2019-07-07 12:36:46', 'apollo', '2019-07-07 12:36:46'), ('88', 'ReleaseNamespace+skycloud-base-gateway+redis+UAT', b'0', 'apollo', '2019-07-07 12:36:46', 'apollo', '2019-07-07 12:36:46'), ('89', 'ModifyNamespace+skycloud-base-gateway+redis+PRO', b'0', 'apollo', '2019-07-07 12:36:46', 'apollo', '2019-07-07 12:36:46'), ('90', 'ReleaseNamespace+skycloud-base-gateway+redis+PRO', b'0', 'apollo', '2019-07-07 12:36:46', 'apollo', '2019-07-07 12:36:46'), ('91', 'Master+skycloud-service-member', b'0', 'apollo', '2019-07-07 12:38:43', 'apollo', '2019-07-07 12:38:43'), ('92', 'ModifyNamespace+skycloud-service-member+application', b'0', 'apollo', '2019-07-07 12:38:43', 'apollo', '2019-07-07 12:38:43'), ('93', 'ReleaseNamespace+skycloud-service-member+application', b'0', 'apollo', '2019-07-07 12:38:43', 'apollo', '2019-07-07 12:38:43'), ('94', 'ModifyNamespace+skycloud-service-member+application+DEV', b'0', 'apollo', '2019-07-07 12:38:43', 'apollo', '2019-07-07 12:38:43'), ('95', 'ReleaseNamespace+skycloud-service-member+application+DEV', b'0', 'apollo', '2019-07-07 12:38:43', 'apollo', '2019-07-07 12:38:43'), ('96', 'ModifyNamespace+skycloud-service-member+application+FAT', b'0', 'apollo', '2019-07-07 12:38:44', 'apollo', '2019-07-07 12:38:44'), ('97', 'ReleaseNamespace+skycloud-service-member+application+FAT', b'0', 'apollo', '2019-07-07 12:38:44', 'apollo', '2019-07-07 12:38:44'), ('98', 'ModifyNamespace+skycloud-service-member+application+UAT', b'0', 'apollo', '2019-07-07 12:38:44', 'apollo', '2019-07-07 12:38:44'), ('99', 'ReleaseNamespace+skycloud-service-member+application+UAT', b'0', 'apollo', '2019-07-07 12:38:44', 'apollo', '2019-07-07 12:38:44'), ('100', 'ModifyNamespace+skycloud-service-member+application+PRO', b'0', 'apollo', '2019-07-07 12:38:44', 'apollo', '2019-07-07 12:38:44'), ('101', 'ReleaseNamespace+skycloud-service-member+application+PRO', b'0', 'apollo', '2019-07-07 12:38:44', 'apollo', '2019-07-07 12:38:44'), ('102', 'ModifyNamespace+skycloud-service-member+redis', b'0', 'apollo', '2019-07-07 12:43:31', 'apollo', '2019-07-07 12:43:31'), ('103', 'ReleaseNamespace+skycloud-service-member+redis', b'0', 'apollo', '2019-07-07 12:43:31', 'apollo', '2019-07-07 12:43:31'), ('104', 'ModifyNamespace+skycloud-service-member+redis+DEV', b'0', 'apollo', '2019-07-07 12:43:32', 'apollo', '2019-07-07 12:43:32'), ('105', 'ReleaseNamespace+skycloud-service-member+redis+DEV', b'0', 'apollo', '2019-07-07 12:43:32', 'apollo', '2019-07-07 12:43:32'), ('106', 'ModifyNamespace+skycloud-service-member+redis+FAT', b'0', 'apollo', '2019-07-07 12:43:32', 'apollo', '2019-07-07 12:43:32'), ('107', 'ReleaseNamespace+skycloud-service-member+redis+FAT', b'0', 'apollo', '2019-07-07 12:43:32', 'apollo', '2019-07-07 12:43:32'), ('108', 'ModifyNamespace+skycloud-service-member+redis+UAT', b'0', 'apollo', '2019-07-07 12:43:32', 'apollo', '2019-07-07 12:43:32'), ('109', 'ReleaseNamespace+skycloud-service-member+redis+UAT', b'0', 'apollo', '2019-07-07 12:43:32', 'apollo', '2019-07-07 12:43:32'), ('110', 'ModifyNamespace+skycloud-service-member+redis+PRO', b'0', 'apollo', '2019-07-07 12:43:32', 'apollo', '2019-07-07 12:43:32'), ('111', 'ReleaseNamespace+skycloud-service-member+redis+PRO', b'0', 'apollo', '2019-07-07 12:43:33', 'apollo', '2019-07-07 12:43:33'), ('112', 'ModifyNamespace+skycloud-service-member+job-executor', b'0', 'apollo', '2019-07-07 12:45:38', 'apollo', '2019-07-07 12:45:38'), ('113', 'ReleaseNamespace+skycloud-service-member+job-executor', b'0', 'apollo', '2019-07-07 12:45:39', 'apollo', '2019-07-07 12:45:39'), ('114', 'ModifyNamespace+skycloud-service-member+job-executor+DEV', b'0', 'apollo', '2019-07-07 12:45:39', 'apollo', '2019-07-07 12:45:39'), ('115', 'ReleaseNamespace+skycloud-service-member+job-executor+DEV', b'0', 'apollo', '2019-07-07 12:45:39', 'apollo', '2019-07-07 12:45:39'), ('116', 'ModifyNamespace+skycloud-service-member+job-executor+FAT', b'0', 'apollo', '2019-07-07 12:45:39', 'apollo', '2019-07-07 12:45:39'), ('117', 'ReleaseNamespace+skycloud-service-member+job-executor+FAT', b'0', 'apollo', '2019-07-07 12:45:39', 'apollo', '2019-07-07 12:45:39'), ('118', 'ModifyNamespace+skycloud-service-member+job-executor+UAT', b'0', 'apollo', '2019-07-07 12:45:39', 'apollo', '2019-07-07 12:45:39'), ('119', 'ReleaseNamespace+skycloud-service-member+job-executor+UAT', b'0', 'apollo', '2019-07-07 12:45:39', 'apollo', '2019-07-07 12:45:39'), ('120', 'ModifyNamespace+skycloud-service-member+job-executor+PRO', b'0', 'apollo', '2019-07-07 12:45:39', 'apollo', '2019-07-07 12:45:39'), ('121', 'ReleaseNamespace+skycloud-service-member+job-executor+PRO', b'0', 'apollo', '2019-07-07 12:45:40', 'apollo', '2019-07-07 12:45:40');
COMMIT;

-- ----------------------------
--  Table structure for `rolepermission`
-- ----------------------------
DROP TABLE IF EXISTS `rolepermission`;
CREATE TABLE `rolepermission` (
  `Id` int(11) unsigned NOT NULL AUTO_INCREMENT COMMENT '自增Id',
  `RoleId` int(10) unsigned DEFAULT NULL COMMENT 'Role Id',
  `PermissionId` int(10) unsigned DEFAULT NULL COMMENT 'Permission Id',
  `IsDeleted` bit(1) NOT NULL DEFAULT b'0' COMMENT '1: deleted, 0: normal',
  `DataChange_CreatedBy` varchar(32) DEFAULT '' COMMENT '创建人邮箱前缀',
  `DataChange_CreatedTime` timestamp NOT NULL DEFAULT CURRENT_TIMESTAMP COMMENT '创建时间',
  `DataChange_LastModifiedBy` varchar(32) DEFAULT '' COMMENT '最后修改人邮箱前缀',
  `DataChange_LastTime` timestamp NULL DEFAULT CURRENT_TIMESTAMP ON UPDATE CURRENT_TIMESTAMP COMMENT '最后修改时间',
  PRIMARY KEY (`Id`),
  KEY `IX_DataChange_LastTime` (`DataChange_LastTime`),
  KEY `IX_RoleId` (`RoleId`),
  KEY `IX_PermissionId` (`PermissionId`)
) ENGINE=InnoDB AUTO_INCREMENT=136 DEFAULT CHARSET=utf8mb4 COMMENT='角色和权限的绑定表';

-- ----------------------------
--  Records of `rolepermission`
-- ----------------------------
BEGIN;
INSERT INTO `rolepermission` VALUES ('1', '1', '1', b'0', 'apollo', '2019-07-07 11:48:58', 'apollo', '2019-07-07 11:48:58'), ('2', '1', '2', b'0', 'apollo', '2019-07-07 11:48:58', 'apollo', '2019-07-07 11:48:58'), ('3', '1', '3', b'0', 'apollo', '2019-07-07 11:48:58', 'apollo', '2019-07-07 11:48:58'), ('4', '2', '4', b'0', 'apollo', '2019-07-07 11:48:59', 'apollo', '2019-07-07 11:48:59'), ('5', '3', '5', b'0', 'apollo', '2019-07-07 11:48:59', 'apollo', '2019-07-07 11:48:59'), ('6', '4', '6', b'0', 'apollo', '2019-07-07 11:48:59', 'apollo', '2019-07-07 11:48:59'), ('7', '5', '7', b'0', 'apollo', '2019-07-07 11:48:59', 'apollo', '2019-07-07 11:48:59'), ('8', '6', '8', b'0', 'apollo', '2019-07-07 12:07:51', 'apollo', '2019-07-07 12:07:51'), ('9', '6', '9', b'0', 'apollo', '2019-07-07 12:07:51', 'apollo', '2019-07-07 12:07:51'), ('10', '6', '10', b'0', 'apollo', '2019-07-07 12:07:51', 'apollo', '2019-07-07 12:07:51'), ('11', '7', '11', b'0', 'apollo', '2019-07-07 12:07:52', 'apollo', '2019-07-07 12:07:52'), ('12', '8', '12', b'0', 'apollo', '2019-07-07 12:07:52', 'apollo', '2019-07-07 12:07:52'), ('13', '9', '13', b'0', 'apollo', '2019-07-07 12:07:52', 'apollo', '2019-07-07 12:07:52'), ('14', '10', '14', b'0', 'apollo', '2019-07-07 12:07:52', 'apollo', '2019-07-07 12:07:52'), ('15', '11', '15', b'0', 'apollo', '2019-07-07 12:07:52', 'apollo', '2019-07-07 12:07:52'), ('16', '12', '16', b'0', 'apollo', '2019-07-07 12:07:52', 'apollo', '2019-07-07 12:07:52'), ('17', '13', '17', b'0', 'apollo', '2019-07-07 12:07:53', 'apollo', '2019-07-07 12:07:53'), ('18', '14', '18', b'0', 'apollo', '2019-07-07 12:07:53', 'apollo', '2019-07-07 12:07:53'), ('19', '15', '19', b'0', 'apollo', '2019-07-07 12:07:53', 'apollo', '2019-07-07 12:07:53'), ('20', '16', '20', b'0', 'apollo', '2019-07-07 12:07:53', 'apollo', '2019-07-07 12:07:53'), ('21', '17', '21', b'0', 'apollo', '2019-07-07 12:12:04', 'apollo', '2019-07-07 12:12:04'), ('22', '17', '22', b'0', 'apollo', '2019-07-07 12:12:04', 'apollo', '2019-07-07 12:12:04'), ('23', '17', '23', b'0', 'apollo', '2019-07-07 12:12:04', 'apollo', '2019-07-07 12:12:04'), ('24', '18', '24', b'0', 'apollo', '2019-07-07 12:12:04', 'apollo', '2019-07-07 12:12:04'), ('25', '19', '25', b'0', 'apollo', '2019-07-07 12:12:04', 'apollo', '2019-07-07 12:12:04'), ('26', '20', '26', b'0', 'apollo', '2019-07-07 12:12:04', 'apollo', '2019-07-07 12:12:04'), ('27', '21', '27', b'0', 'apollo', '2019-07-07 12:12:04', 'apollo', '2019-07-07 12:12:04'), ('28', '22', '28', b'0', 'apollo', '2019-07-07 12:12:04', 'apollo', '2019-07-07 12:12:04'), ('29', '23', '29', b'0', 'apollo', '2019-07-07 12:12:05', 'apollo', '2019-07-07 12:12:05'), ('30', '24', '30', b'0', 'apollo', '2019-07-07 12:12:05', 'apollo', '2019-07-07 12:12:05'), ('31', '25', '31', b'0', 'apollo', '2019-07-07 12:12:05', 'apollo', '2019-07-07 12:12:05'), ('32', '26', '32', b'0', 'apollo', '2019-07-07 12:12:05', 'apollo', '2019-07-07 12:12:05'), ('33', '27', '33', b'0', 'apollo', '2019-07-07 12:12:05', 'apollo', '2019-07-07 12:12:05'), ('34', '28', '34', b'0', 'apollo', '2019-07-07 12:18:41', 'apollo', '2019-07-07 12:18:41'), ('35', '28', '35', b'0', 'apollo', '2019-07-07 12:18:41', 'apollo', '2019-07-07 12:18:41'), ('36', '28', '36', b'0', 'apollo', '2019-07-07 12:18:41', 'apollo', '2019-07-07 12:18:41'), ('37', '29', '37', b'0', 'apollo', '2019-07-07 12:18:41', 'apollo', '2019-07-07 12:18:41'), ('38', '30', '38', b'0', 'apollo', '2019-07-07 12:18:41', 'apollo', '2019-07-07 12:18:41'), ('39', '31', '39', b'0', 'apollo', '2019-07-07 12:18:42', 'apollo', '2019-07-07 12:18:42'), ('40', '32', '40', b'0', 'apollo', '2019-07-07 12:18:42', 'apollo', '2019-07-07 12:18:42'), ('41', '33', '41', b'0', 'apollo', '2019-07-07 12:18:42', 'apollo', '2019-07-07 12:18:42'), ('42', '34', '42', b'0', 'apollo', '2019-07-07 12:18:42', 'apollo', '2019-07-07 12:18:42'), ('43', '35', '43', b'0', 'apollo', '2019-07-07 12:18:42', 'apollo', '2019-07-07 12:18:42'), ('44', '36', '44', b'0', 'apollo', '2019-07-07 12:18:42', 'apollo', '2019-07-07 12:18:42'), ('45', '37', '45', b'0', 'apollo', '2019-07-07 12:18:42', 'apollo', '2019-07-07 12:18:42'), ('46', '38', '46', b'0', 'apollo', '2019-07-07 12:18:43', 'apollo', '2019-07-07 12:18:43'), ('47', '39', '47', b'0', 'apollo', '2019-07-07 12:20:44', 'apollo', '2019-07-07 12:20:44'), ('48', '40', '48', b'0', 'apollo', '2019-07-07 12:20:44', 'apollo', '2019-07-07 12:20:44'), ('49', '41', '49', b'0', 'apollo', '2019-07-07 12:20:44', 'apollo', '2019-07-07 12:20:44'), ('50', '42', '50', b'0', 'apollo', '2019-07-07 12:20:44', 'apollo', '2019-07-07 12:20:44'), ('51', '43', '51', b'0', 'apollo', '2019-07-07 12:20:44', 'apollo', '2019-07-07 12:20:44'), ('52', '44', '52', b'0', 'apollo', '2019-07-07 12:20:44', 'apollo', '2019-07-07 12:20:44'), ('53', '45', '53', b'0', 'apollo', '2019-07-07 12:20:45', 'apollo', '2019-07-07 12:20:45'), ('54', '46', '54', b'0', 'apollo', '2019-07-07 12:20:45', 'apollo', '2019-07-07 12:20:45'), ('55', '47', '55', b'0', 'apollo', '2019-07-07 12:20:45', 'apollo', '2019-07-07 12:20:45'), ('56', '48', '56', b'0', 'apollo', '2019-07-07 12:20:45', 'apollo', '2019-07-07 12:20:45'), ('57', '49', '57', b'0', 'apollo', '2019-07-07 12:23:32', 'apollo', '2019-07-07 12:23:32'), ('58', '50', '58', b'0', 'apollo', '2019-07-07 12:23:32', 'apollo', '2019-07-07 12:23:32'), ('59', '51', '59', b'0', 'apollo', '2019-07-07 12:23:32', 'apollo', '2019-07-07 12:23:32'), ('60', '52', '60', b'0', 'apollo', '2019-07-07 12:23:32', 'apollo', '2019-07-07 12:23:32'), ('61', '53', '61', b'0', 'apollo', '2019-07-07 12:23:32', 'apollo', '2019-07-07 12:23:32'), ('62', '54', '62', b'0', 'apollo', '2019-07-07 12:23:32', 'apollo', '2019-07-07 12:23:32'), ('63', '55', '63', b'0', 'apollo', '2019-07-07 12:23:32', 'apollo', '2019-07-07 12:23:32'), ('64', '56', '64', b'0', 'apollo', '2019-07-07 12:23:32', 'apollo', '2019-07-07 12:23:32'), ('65', '57', '65', b'0', 'apollo', '2019-07-07 12:23:33', 'apollo', '2019-07-07 12:23:33'), ('66', '58', '66', b'0', 'apollo', '2019-07-07 12:23:33', 'apollo', '2019-07-07 12:23:33'), ('67', '59', '67', b'0', 'apollo', '2019-07-07 12:27:30', 'apollo', '2019-07-07 12:27:30'), ('68', '59', '68', b'0', 'apollo', '2019-07-07 12:27:30', 'apollo', '2019-07-07 12:27:30'), ('69', '59', '69', b'0', 'apollo', '2019-07-07 12:27:30', 'apollo', '2019-07-07 12:27:30'), ('70', '60', '70', b'0', 'apollo', '2019-07-07 12:27:31', 'apollo', '2019-07-07 12:27:31'), ('71', '61', '71', b'0', 'apollo', '2019-07-07 12:27:31', 'apollo', '2019-07-07 12:27:31'), ('72', '62', '72', b'0', 'apollo', '2019-07-07 12:27:31', 'apollo', '2019-07-07 12:27:31'), ('73', '63', '73', b'0', 'apollo', '2019-07-07 12:27:31', 'apollo', '2019-07-07 12:27:31'), ('74', '64', '74', b'0', 'apollo', '2019-07-07 12:27:31', 'apollo', '2019-07-07 12:27:31'), ('75', '65', '75', b'0', 'apollo', '2019-07-07 12:27:31', 'apollo', '2019-07-07 12:27:31'), ('76', '66', '76', b'0', 'apollo', '2019-07-07 12:27:31', 'apollo', '2019-07-07 12:27:31'), ('77', '67', '77', b'0', 'apollo', '2019-07-07 12:27:32', 'apollo', '2019-07-07 12:27:32'), ('78', '68', '78', b'0', 'apollo', '2019-07-07 12:27:32', 'apollo', '2019-07-07 12:27:32'), ('79', '69', '79', b'0', 'apollo', '2019-07-07 12:27:32', 'apollo', '2019-07-07 12:27:32'), ('80', '70', '80', b'0', 'apollo', '2019-07-07 12:32:52', 'apollo', '2019-07-07 12:32:52'), ('81', '70', '81', b'0', 'apollo', '2019-07-07 12:32:52', 'apollo', '2019-07-07 12:32:52'), ('82', '70', '82', b'0', 'apollo', '2019-07-07 12:32:52', 'apollo', '2019-07-07 12:32:52'), ('83', '71', '83', b'0', 'apollo', '2019-07-07 12:32:52', 'apollo', '2019-07-07 12:32:52'), ('84', '72', '84', b'0', 'apollo', '2019-07-07 12:32:52', 'apollo', '2019-07-07 12:32:52'), ('85', '73', '85', b'0', 'apollo', '2019-07-07 12:32:52', 'apollo', '2019-07-07 12:32:52'), ('86', '74', '86', b'0', 'apollo', '2019-07-07 12:32:53', 'apollo', '2019-07-07 12:32:53'), ('87', '75', '87', b'0', 'apollo', '2019-07-07 12:32:53', 'apollo', '2019-07-07 12:32:53'), ('88', '76', '88', b'0', 'apollo', '2019-07-07 12:32:53', 'apollo', '2019-07-07 12:32:53'), ('89', '77', '89', b'0', 'apollo', '2019-07-07 12:32:53', 'apollo', '2019-07-07 12:32:53'), ('90', '78', '90', b'0', 'apollo', '2019-07-07 12:32:53', 'apollo', '2019-07-07 12:32:53'), ('91', '79', '91', b'0', 'apollo', '2019-07-07 12:32:53', 'apollo', '2019-07-07 12:32:53'), ('92', '80', '92', b'0', 'apollo', '2019-07-07 12:32:53', 'apollo', '2019-07-07 12:32:53'), ('93', '81', '93', b'0', 'apollo', '2019-07-07 12:36:45', 'apollo', '2019-07-07 12:36:45'), ('94', '82', '94', b'0', 'apollo', '2019-07-07 12:36:45', 'apollo', '2019-07-07 12:36:45'), ('95', '83', '95', b'0', 'apollo', '2019-07-07 12:36:45', 'apollo', '2019-07-07 12:36:45'), ('96', '84', '96', b'0', 'apollo', '2019-07-07 12:36:45', 'apollo', '2019-07-07 12:36:45'), ('97', '85', '97', b'0', 'apollo', '2019-07-07 12:36:45', 'apollo', '2019-07-07 12:36:45'), ('98', '86', '98', b'0', 'apollo', '2019-07-07 12:36:45', 'apollo', '2019-07-07 12:36:45'), ('99', '87', '99', b'0', 'apollo', '2019-07-07 12:36:46', 'apollo', '2019-07-07 12:36:46'), ('100', '88', '100', b'0', 'apollo', '2019-07-07 12:36:46', 'apollo', '2019-07-07 12:36:46'), ('101', '89', '101', b'0', 'apollo', '2019-07-07 12:36:46', 'apollo', '2019-07-07 12:36:46'), ('102', '90', '102', b'0', 'apollo', '2019-07-07 12:36:46', 'apollo', '2019-07-07 12:36:46'), ('103', '91', '103', b'0', 'apollo', '2019-07-07 12:38:43', 'apollo', '2019-07-07 12:38:43'), ('104', '91', '104', b'0', 'apollo', '2019-07-07 12:38:43', 'apollo', '2019-07-07 12:38:43'), ('105', '91', '105', b'0', 'apollo', '2019-07-07 12:38:43', 'apollo', '2019-07-07 12:38:43'), ('106', '92', '106', b'0', 'apollo', '2019-07-07 12:38:43', 'apollo', '2019-07-07 12:38:43'), ('107', '93', '107', b'0', 'apollo', '2019-07-07 12:38:43', 'apollo', '2019-07-07 12:38:43'), ('108', '94', '108', b'0', 'apollo', '2019-07-07 12:38:43', 'apollo', '2019-07-07 12:38:43'), ('109', '95', '109', b'0', 'apollo', '2019-07-07 12:38:43', 'apollo', '2019-07-07 12:38:43'), ('110', '96', '110', b'0', 'apollo', '2019-07-07 12:38:44', 'apollo', '2019-07-07 12:38:44'), ('111', '97', '111', b'0', 'apollo', '2019-07-07 12:38:44', 'apollo', '2019-07-07 12:38:44'), ('112', '98', '112', b'0', 'apollo', '2019-07-07 12:38:44', 'apollo', '2019-07-07 12:38:44'), ('113', '99', '113', b'0', 'apollo', '2019-07-07 12:38:44', 'apollo', '2019-07-07 12:38:44'), ('114', '100', '114', b'0', 'apollo', '2019-07-07 12:38:44', 'apollo', '2019-07-07 12:38:44'), ('115', '101', '115', b'0', 'apollo', '2019-07-07 12:38:44', 'apollo', '2019-07-07 12:38:44'), ('116', '102', '116', b'0', 'apollo', '2019-07-07 12:43:31', 'apollo', '2019-07-07 12:43:31'), ('117', '103', '117', b'0', 'apollo', '2019-07-07 12:43:31', 'apollo', '2019-07-07 12:43:31'), ('118', '104', '118', b'0', 'apollo', '2019-07-07 12:43:32', 'apollo', '2019-07-07 12:43:32'), ('119', '105', '119', b'0', 'apollo', '2019-07-07 12:43:32', 'apollo', '2019-07-07 12:43:32'), ('120', '106', '120', b'0', 'apollo', '2019-07-07 12:43:32', 'apollo', '2019-07-07 12:43:32'), ('121', '107', '121', b'0', 'apollo', '2019-07-07 12:43:32', 'apollo', '2019-07-07 12:43:32'), ('122', '108', '122', b'0', 'apollo', '2019-07-07 12:43:32', 'apollo', '2019-07-07 12:43:32'), ('123', '109', '123', b'0', 'apollo', '2019-07-07 12:43:32', 'apollo', '2019-07-07 12:43:32'), ('124', '110', '124', b'0', 'apollo', '2019-07-07 12:43:33', 'apollo', '2019-07-07 12:43:33'), ('125', '111', '125', b'0', 'apollo', '2019-07-07 12:43:33', 'apollo', '2019-07-07 12:43:33'), ('126', '112', '126', b'0', 'apollo', '2019-07-07 12:45:38', 'apollo', '2019-07-07 12:45:38'), ('127', '113', '127', b'0', 'apollo', '2019-07-07 12:45:39', 'apollo', '2019-07-07 12:45:39'), ('128', '114', '128', b'0', 'apollo', '2019-07-07 12:45:39', 'apollo', '2019-07-07 12:45:39'), ('129', '115', '129', b'0', 'apollo', '2019-07-07 12:45:39', 'apollo', '2019-07-07 12:45:39'), ('130', '116', '130', b'0', 'apollo', '2019-07-07 12:45:39', 'apollo', '2019-07-07 12:45:39'), ('131', '117', '131', b'0', 'apollo', '2019-07-07 12:45:39', 'apollo', '2019-07-07 12:45:39'), ('132', '118', '132', b'0', 'apollo', '2019-07-07 12:45:39', 'apollo', '2019-07-07 12:45:39'), ('133', '119', '133', b'0', 'apollo', '2019-07-07 12:45:39', 'apollo', '2019-07-07 12:45:39'), ('134', '120', '134', b'0', 'apollo', '2019-07-07 12:45:39', 'apollo', '2019-07-07 12:45:39'), ('135', '121', '135', b'0', 'apollo', '2019-07-07 12:45:40', 'apollo', '2019-07-07 12:45:40');
COMMIT;

-- ----------------------------
--  Table structure for `serverconfig`
-- ----------------------------
DROP TABLE IF EXISTS `serverconfig`;
CREATE TABLE `serverconfig` (
  `Id` int(10) unsigned NOT NULL AUTO_INCREMENT COMMENT '自增Id',
  `Key` varchar(64) NOT NULL DEFAULT 'default' COMMENT '配置项Key',
  `Value` varchar(2048) NOT NULL DEFAULT 'default' COMMENT '配置项值',
  `Comment` varchar(1024) DEFAULT '' COMMENT '注释',
  `IsDeleted` bit(1) NOT NULL DEFAULT b'0' COMMENT '1: deleted, 0: normal',
  `DataChange_CreatedBy` varchar(32) NOT NULL DEFAULT 'default' COMMENT '创建人邮箱前缀',
  `DataChange_CreatedTime` timestamp NOT NULL DEFAULT CURRENT_TIMESTAMP COMMENT '创建时间',
  `DataChange_LastModifiedBy` varchar(32) DEFAULT '' COMMENT '最后修改人邮箱前缀',
  `DataChange_LastTime` timestamp NULL DEFAULT CURRENT_TIMESTAMP ON UPDATE CURRENT_TIMESTAMP COMMENT '最后修改时间',
  PRIMARY KEY (`Id`),
  KEY `IX_Key` (`Key`),
  KEY `DataChange_LastTime` (`DataChange_LastTime`)
) ENGINE=InnoDB AUTO_INCREMENT=8 DEFAULT CHARSET=utf8mb4 COMMENT='配置服务自身配置';

-- ----------------------------
--  Records of `serverconfig`
-- ----------------------------
BEGIN;
INSERT INTO `serverconfig` VALUES ('1', 'apollo.portal.envs', 'dev,fat,uat,pro', '可支持的环境列表', b'0', 'default', '2019-07-07 03:14:29', 'apollo', '2019-07-07 11:54:30'), ('2', 'organizations', '[{\"orgId\":\"TEST1\",\"orgName\":\"样例部门1\"},{\"orgId\":\"TEST2\",\"orgName\":\"样例部门2\"}]', '部门列表', b'0', 'default', '2019-07-07 03:14:29', '', '2019-07-07 03:14:29'), ('3', 'superAdmin', 'apollo', 'Portal超级管理员', b'0', 'default', '2019-07-07 03:14:29', '', '2019-07-07 03:14:29'), ('4', 'api.readTimeout', '10000', 'http接口read timeout', b'0', 'default', '2019-07-07 03:14:29', '', '2019-07-07 03:14:29'), ('5', 'consumer.token.salt', 'someSalt', 'consumer token salt', b'0', 'default', '2019-07-07 03:14:29', '', '2019-07-07 03:14:29'), ('6', 'admin.createPrivateNamespace.switch', 'true', '是否允许项目管理员创建私有namespace', b'0', 'default', '2019-07-07 03:14:29', '', '2019-07-07 03:14:29'), ('7', 'configView.memberOnly.envs', 'pro', '只对项目成员显示配置信息的环境列表，多个env以英文逗号分隔', b'0', 'default', '2019-07-07 03:14:29', '', '2019-07-07 03:14:29');
COMMIT;

-- ----------------------------
--  Table structure for `userrole`
-- ----------------------------
DROP TABLE IF EXISTS `userrole`;
CREATE TABLE `userrole` (
  `Id` int(11) unsigned NOT NULL AUTO_INCREMENT COMMENT '自增Id',
  `UserId` varchar(128) DEFAULT '' COMMENT '用户身份标识',
  `RoleId` int(10) unsigned DEFAULT NULL COMMENT 'Role Id',
  `IsDeleted` bit(1) NOT NULL DEFAULT b'0' COMMENT '1: deleted, 0: normal',
  `DataChange_CreatedBy` varchar(32) DEFAULT '' COMMENT '创建人邮箱前缀',
  `DataChange_CreatedTime` timestamp NOT NULL DEFAULT CURRENT_TIMESTAMP COMMENT '创建时间',
  `DataChange_LastModifiedBy` varchar(32) DEFAULT '' COMMENT '最后修改人邮箱前缀',
  `DataChange_LastTime` timestamp NULL DEFAULT CURRENT_TIMESTAMP ON UPDATE CURRENT_TIMESTAMP COMMENT '最后修改时间',
  PRIMARY KEY (`Id`),
  KEY `IX_DataChange_LastTime` (`DataChange_LastTime`),
  KEY `IX_RoleId` (`RoleId`),
  KEY `IX_UserId_RoleId` (`UserId`,`RoleId`)
) ENGINE=InnoDB AUTO_INCREMENT=32 DEFAULT CHARSET=utf8mb4 COMMENT='用户和role的绑定表';

-- ----------------------------
--  Records of `userrole`
-- ----------------------------
BEGIN;
INSERT INTO `userrole` VALUES ('1', 'apollo', '1', b'0', 'apollo', '2019-07-07 11:48:58', 'apollo', '2019-07-07 11:48:58'), ('2', 'apollo', '2', b'0', 'apollo', '2019-07-07 11:48:59', 'apollo', '2019-07-07 11:48:59'), ('3', 'apollo', '3', b'0', 'apollo', '2019-07-07 11:49:00', 'apollo', '2019-07-07 11:49:00'), ('4', 'apollo', '6', b'0', 'apollo', '2019-07-07 12:07:52', 'apollo', '2019-07-07 12:07:52'), ('5', 'apollo', '7', b'0', 'apollo', '2019-07-07 12:07:53', 'apollo', '2019-07-07 12:07:53'), ('6', 'apollo', '8', b'0', 'apollo', '2019-07-07 12:07:53', 'apollo', '2019-07-07 12:07:53'), ('7', 'apollo', '17', b'0', 'apollo', '2019-07-07 12:12:04', 'apollo', '2019-07-07 12:12:04'), ('8', 'apollo', '18', b'0', 'apollo', '2019-07-07 12:12:05', 'apollo', '2019-07-07 12:12:05'), ('9', 'apollo', '19', b'0', 'apollo', '2019-07-07 12:12:05', 'apollo', '2019-07-07 12:12:05'), ('10', 'apollo', '28', b'0', 'apollo', '2019-07-07 12:18:41', 'apollo', '2019-07-07 12:18:41'), ('11', 'apollo', '29', b'0', 'apollo', '2019-07-07 12:18:43', 'apollo', '2019-07-07 12:18:43'), ('12', 'apollo', '30', b'0', 'apollo', '2019-07-07 12:18:43', 'apollo', '2019-07-07 12:18:43'), ('13', 'apollo', '39', b'0', 'apollo', '2019-07-07 12:20:45', 'apollo', '2019-07-07 12:20:45'), ('14', 'apollo', '40', b'0', 'apollo', '2019-07-07 12:20:45', 'apollo', '2019-07-07 12:20:45'), ('15', 'apollo', '49', b'0', 'apollo', '2019-07-07 12:23:33', 'apollo', '2019-07-07 12:23:33'), ('16', 'apollo', '50', b'0', 'apollo', '2019-07-07 12:23:33', 'apollo', '2019-07-07 12:23:33'), ('17', 'apollo', '59', b'0', 'apollo', '2019-07-07 12:27:30', 'apollo', '2019-07-07 12:27:30'), ('18', 'apollo', '60', b'0', 'apollo', '2019-07-07 12:27:32', 'apollo', '2019-07-07 12:27:32'), ('19', 'apollo', '61', b'0', 'apollo', '2019-07-07 12:27:32', 'apollo', '2019-07-07 12:27:32'), ('20', 'apollo', '70', b'0', 'apollo', '2019-07-07 12:32:52', 'apollo', '2019-07-07 12:32:52'), ('21', 'apollo', '71', b'0', 'apollo', '2019-07-07 12:32:53', 'apollo', '2019-07-07 12:32:53'), ('22', 'apollo', '72', b'0', 'apollo', '2019-07-07 12:32:53', 'apollo', '2019-07-07 12:32:53'), ('23', 'apollo', '81', b'0', 'apollo', '2019-07-07 12:37:00', 'apollo', '2019-07-07 12:37:00'), ('24', 'apollo', '82', b'0', 'apollo', '2019-07-07 12:37:00', 'apollo', '2019-07-07 12:37:00'), ('25', 'apollo', '91', b'0', 'apollo', '2019-07-07 12:38:43', 'apollo', '2019-07-07 12:38:43'), ('26', 'apollo', '92', b'0', 'apollo', '2019-07-07 12:38:44', 'apollo', '2019-07-07 12:38:44'), ('27', 'apollo', '93', b'0', 'apollo', '2019-07-07 12:38:44', 'apollo', '2019-07-07 12:38:44'), ('28', 'apollo', '102', b'0', 'apollo', '2019-07-07 12:43:45', 'apollo', '2019-07-07 12:43:45'), ('29', 'apollo', '103', b'0', 'apollo', '2019-07-07 12:43:45', 'apollo', '2019-07-07 12:43:45'), ('30', 'apollo', '112', b'0', 'apollo', '2019-07-07 12:45:47', 'apollo', '2019-07-07 12:45:47'), ('31', 'apollo', '113', b'0', 'apollo', '2019-07-07 12:45:47', 'apollo', '2019-07-07 12:45:47');
COMMIT;

-- ----------------------------
--  Table structure for `users`
-- ----------------------------
DROP TABLE IF EXISTS `users`;
CREATE TABLE `users` (
  `Id` int(10) unsigned NOT NULL AUTO_INCREMENT COMMENT '自增Id',
  `Username` varchar(64) NOT NULL DEFAULT 'default' COMMENT '用户名',
  `Password` varchar(64) NOT NULL DEFAULT 'default' COMMENT '密码',
  `Email` varchar(64) NOT NULL DEFAULT 'default' COMMENT '邮箱地址',
  `Enabled` tinyint(4) DEFAULT NULL COMMENT '是否有效',
  PRIMARY KEY (`Id`)
) ENGINE=InnoDB AUTO_INCREMENT=2 DEFAULT CHARSET=utf8mb4 COMMENT='用户表';

-- ----------------------------
--  Records of `users`
-- ----------------------------
BEGIN;
INSERT INTO `users` VALUES ('1', 'apollo', '$2a$10$7r20uS.BQ9uBpf3Baj3uQOZvMVvB1RN3PYoKE94gtz2.WAOuiiwXS', 'apollo@acme.com', '1');
COMMIT;

SET FOREIGN_KEY_CHECKS = 1;
